cluster,rank,ens,symbol,description,is_tf,tf_reason,score,padj,anchor_label
0,1,ENSDARG00000014420,elavl3,ELAV like neuron-specific RNA binding protein 3 [Source:NCBI gene (formerly Entrezgene);Acc:30732],False,,14.022989273071289,2.7029432066755336e-40,
0,2,ENSDARG00000000503,stx1b,syntaxin 1B [Source:NCBI gene (formerly Entrezgene);Acc:58038],False,,12.60391902923584,2.4078909296270892e-32,
0,3,ENSDARG00000041627,,,False,,12.057842254638672,1.4089777617215598e-29,
0,4,ENSDARG00000075978,,,False,,11.843138694763184,1.399528500908725e-28,
0,5,ENSDARG00000001889,tuba1a,"tubulin, alpha 1a [Source:NCBI gene (formerly Entrezgene);Acc:573216]",False,,11.60534381866455,1.8558909512359497e-27,
0,6,ENSDARG00000025206,syt2a,synaptotagmin 2 [Source:HGNC Symbol;Acc:HGNC:11510],False,,11.502042770385742,5.146729472052687e-27,
0,7,ENSDARG00000001994,stxbp1a,syntaxin binding protein 1a [Source:NCBI gene (formerly Entrezgene);Acc:574003],False,,11.409882545471191,1.2780561402745371e-26,
0,8,ENSDARG00000037997,tubb5,"tubulin, beta 5 [Source:NCBI gene (formerly Entrezgene);Acc:386701]",False,,11.381120681762695,1.555901452550173e-26,
0,9,ENSDARG00000002587,dpysl3,dihydropyrimidinase like 3 [Source:NCBI gene (formerly Entrezgene);Acc:553166],False,,10.954143524169922,1.6905769256832212e-24,
0,10,ENSDARG00000055216,tuba1c,"tubulin, alpha 1c [Source:NCBI gene (formerly Entrezgene);Acc:573122]",False,,10.937129020690918,1.835782298550247e-24,
0,11,ENSDARG00000035423,,,False,,10.853678703308105,4.174217738854793e-24,
0,12,ENSDARG00000089464,,,False,,10.525951385498047,1.3102683686600938e-22,
0,13,ENSDARG00000058875,,,False,,10.493138313293457,1.7127654287677876e-22,
0,14,ENSDARG00000020178,nova1,NOVA alternative splicing regulator 1 [Source:NCBI gene (formerly Entrezgene);Acc:555590],False,,10.43298053741455,3.0014105013444756e-22,
0,15,ENSDARG00000056023,hoxb9a,homeobox B9a [Source:NCBI gene (formerly Entrezgene);Acc:30344],True,desc:homeobox,10.421030044555664,3.1766374630748735e-22,
0,16,ENSDARG00000016676,gnao1a,"guanine nucleotide binding protein (G protein), alpha activating activity polypeptide O, a [Source:NCBI gene (formerly E",False,,10.413738250732422,3.215343121368168e-22,
0,17,ENSDARG00000033655,stmn1b,stathmin 1b [Source:NCBI gene (formerly Entrezgene);Acc:550548],False,,10.398547172546387,3.5495695679048764e-22,
0,18,ENSDARG00000032083,dpysl2b,dihydropyrimidinase like 2b [Source:NCBI gene (formerly Entrezgene);Acc:553412],False,,10.288561820983887,1.0212979088776593e-21,
0,19,ENSDARG00000007982,onecut1,one cut homeobox 1 [Source:NCBI gene (formerly Entrezgene);Acc:393545],True,desc:homeobox,10.286637306213379,1.0212979088776593e-21,
0,20,ENSDARG00000017673,nova2,NOVA alternative splicing regulator 2 [Source:NCBI gene (formerly Entrezgene);Acc:553201],False,,10.248051643371582,1.4472218659125881e-21,
0,21,ENSDARG00000056175,scrt2,scratch family zinc finger 2 [Source:NCBI gene (formerly Entrezgene);Acc:325372],True,desc:zinc finger,10.14373779296875,4.032833275323213e-21,
0,22,ENSDARG00000010008,vim,vimentin [Source:NCBI gene (formerly Entrezgene);Acc:140599],False,,10.062313079833984,8.833052455374502e-21,
0,23,ENSDARG00000074030,myt1a,myelin transcription factor 1 [Source:HGNC Symbol;Acc:HGNC:7622],True,desc:transcription factor,10.056034088134766,9.005392761498155e-21,
0,24,ENSDARG00000016300,,,False,,9.886094093322754,4.777314683824156e-20,
0,25,ENSDARG00000056740,tmeff1b,transmembrane protein with EGF-like and two follistatin-like domains 1b [Source:NCBI gene (formerly Entrezgene);Acc:5535,False,,9.771855354309082,1.4257719443408423e-19,
0,26,ENSDARG00000018259,atp1a3a,ATPase Na+/K+ transporting subunit alpha 3a [Source:NCBI gene (formerly Entrezgene);Acc:64610],False,,9.733370780944824,2.0030790679535386e-19,
0,27,ENSDARG00000079276,ube2ql1,ubiquitin conjugating enzyme E2 QL1 [Source:HGNC Symbol;Acc:HGNC:37269],False,,9.721521377563477,2.16712507688015e-19,
0,28,ENSDARG00000070585,,,False,,9.683745384216309,3.026395498245354e-19,
0,29,ENSDARG00000040253,onecutl,"one cut domain, family member, like [Source:NCBI gene (formerly Entrezgene);Acc:246225]",False,,9.547834396362305,1.0946519049086494e-18,
0,30,ENSDARG00000056877,vamp2,vesicle-associated membrane protein 2 [Source:NCBI gene (formerly Entrezgene);Acc:336281],False,,9.502260208129883,1.6410118027990004e-18,
1,1,ENSDARG00000017673,nova2,NOVA alternative splicing regulator 2 [Source:NCBI gene (formerly Entrezgene);Acc:553201],False,,19.249624252319336,3.4083503455582814e-78,intermed_meso (20%)
1,2,ENSDARG00000075593,trim71,"tripartite motif containing 71, E3 ubiquitin protein ligase [Source:NCBI gene (formerly Entrezgene);Acc:561754]",False,,18.84172248840332,4.118050267043774e-75,intermed_meso (20%)
1,3,ENSDARG00000061478,igf2bp1,insulin-like growth factor 2 mRNA binding protein 1 [Source:NCBI gene (formerly Entrezgene);Acc:558182],False,,18.79884910583496,6.166154336466964e-75,intermed_meso (20%)
1,4,ENSDARG00000052856,khdrbs1a,"KH domain containing, RNA binding, signal transduction associated 1a [Source:NCBI gene (formerly Entrezgene);Acc:30082]",False,,18.482839584350586,1.7009479695563702e-72,intermed_meso (20%)
1,5,ENSDARG00000053569,sox3,SRY-box transcription factor 3 [Source:NCBI gene (formerly Entrezgene);Acc:30529],True,desc:transcription factor,18.253711700439453,9.267651297974669e-71,intermed_meso (20%)
1,6,ENSDARG00000043716,cldn5a,claudin 5a [Source:NCBI gene (formerly Entrezgene);Acc:406559],False,,18.031063079833984,4.439886681748084e-69,intermed_meso (20%)
1,7,ENSDARG00000036036,mdka,midkine a [Source:NCBI gene (formerly Entrezgene);Acc:30277],False,,17.997604370117188,6.965984726693118e-69,intermed_meso (20%)
1,8,ENSDARG00000059269,,,False,,17.945180892944336,1.568224624051834e-68,intermed_meso (20%)
1,9,ENSDARG00000026395,rfx4,"regulatory factor X, 4 [Source:NCBI gene (formerly Entrezgene);Acc:403016]",False,,17.8487491607666,7.872409043893347e-68,intermed_meso (20%)
1,10,ENSDARG00000014796,wnt11,"wingless-type MMTV integration site family, member 11 [Source:NCBI gene (formerly Entrezgene);Acc:30283]",False,,17.795658111572266,1.830487419575638e-67,intermed_meso (20%)
1,11,ENSDARG00000028335,hmga1a,high mobility group AT-hook 1a [Source:NCBI gene (formerly Entrezgene);Acc:406447],True,desc:high mobility group,17.505558013916016,2.831629082112524e-65,intermed_meso (20%)
1,12,ENSDARG00000076532,si:ch211-222l21.1,,False,,16.788593292236328,5.908082162968043e-60,intermed_meso (20%)
1,13,ENSDARG00000010770,sox19a,SRY-box transcription factor 19a [Source:NCBI gene (formerly Entrezgene);Acc:30038],True,desc:transcription factor,16.658235549926758,4.862023756848342e-59,intermed_meso (20%)
1,14,ENSDARG00000078473,nucks1a,nuclear casein kinase and cyclin-dependent kinase substrate 1a [Source:NCBI gene (formerly Entrezgene);Acc:447862],False,,16.65329360961914,4.903510232945962e-59,intermed_meso (20%)
1,15,ENSDARG00000016153,dag1,dystroglycan 1 [Source:NCBI gene (formerly Entrezgene);Acc:286829],False,,16.619903564453125,7.99214729587807e-59,intermed_meso (20%)
1,16,ENSDARG00000042049,,,False,,16.614694595336914,8.172631365003878e-59,intermed_meso (20%)
1,17,ENSDARG00000042502,,,False,,16.56500816345215,1.7591457658402553e-58,intermed_meso (20%)
1,18,ENSDARG00000018693,cdh2,"cadherin 2, type 1, N-cadherin (neuronal) [Source:NCBI gene (formerly Entrezgene);Acc:30291]",False,,16.353912353515625,5.432214977222363e-57,intermed_meso (20%)
1,19,ENSDARG00000052150,pbx4,pre-B-cell leukemia transcription factor 4 [Source:NCBI gene (formerly Entrezgene);Acc:30728],True,desc:transcription factor,16.112497329711914,2.6295422805915753e-55,intermed_meso (20%)
1,20,ENSDARG00000052139,notch3,notch receptor 3 [Source:NCBI gene (formerly Entrezgene);Acc:58066],False,,16.051794052124023,6.65599998994189e-55,intermed_meso (20%)
1,21,ENSDARG00000055678,akap12b,A kinase (PRKA) anchor protein 12b [Source:NCBI gene (formerly Entrezgene);Acc:567365],False,,15.995363235473633,1.571222774312798e-54,intermed_meso (20%)
1,22,ENSDARG00000052094,notch1b,notch receptor 1b [Source:NCBI gene (formerly Entrezgene);Acc:794892],False,,15.92197036743164,4.860538970485141e-54,intermed_meso (20%)
1,23,ENSDARG00000093817,,,False,,15.839628219604492,1.7278998082974904e-53,intermed_meso (20%)
1,24,ENSDARG00000035750,,,False,,15.7577543258667,6.067774805790263e-53,intermed_meso (20%)
1,25,ENSDARG00000078748,si:ch211-137a8.4,,False,,15.723695755004883,9.978400193395116e-53,intermed_meso (20%)
1,26,ENSDARG00000007099,gjc4b,gap junction protein gamma 4b [Source:NCBI gene (formerly Entrezgene);Acc:30276],False,,15.646363258361816,3.2429305837291498e-52,intermed_meso (20%)
1,27,ENSDARG00000010192,pax3a,paired box 3a [Source:NCBI gene (formerly Entrezgene);Acc:30532],True,desc:paired box,15.600817680358887,6.3802329280243425e-52,intermed_meso (20%)
1,28,ENSDARG00000006487,anp32a,"acidic (leucine-rich) nuclear phosphoprotein 32 family, member A [Source:NCBI gene (formerly Entrezgene);Acc:335907]",False,,15.530029296875,1.860068993146545e-51,intermed_meso (20%)
1,29,ENSDARG00000020504,h3f3a,"H3 histone, family 3A [Source:NCBI gene (formerly Entrezgene);Acc:406269]",False,,15.494769096374512,3.1104067948356824e-51,intermed_meso (20%)
1,30,ENSDARG00000020708,mdkb,midkine b [Source:NCBI gene (formerly Entrezgene);Acc:65231],False,,15.397401809692383,1.3613319511018734e-50,intermed_meso (20%)
10,1,ENSDARG00000069801,crygm2d12,"crystallin, gamma M2d12 [Source:NCBI gene (formerly Entrezgene);Acc:100000256]",False,,4.888297080993652,0.0008064018512346369,
10,2,ENSDARG00000087324,crygm2d1,"crystallin, gamma M2d1 [Source:NCBI gene (formerly Entrezgene);Acc:553710]",False,,4.888297080993652,0.0008064018512346369,
10,3,ENSDARG00000086912,,,False,,4.888297080993652,0.0008064018512346369,
10,4,ENSDARG00000007576,crybb1l1,,False,,4.888297080993652,0.0008064018512346369,
10,5,ENSDARG00000024548,cryba4,"crystallin, beta A4 [Source:NCBI gene (formerly Entrezgene);Acc:553178]",False,,4.887702941894531,0.0008064018512346369,
10,6,ENSDARG00000069817,crygm2d17,"crystallin, gamma M2d17 [Source:NCBI gene (formerly Entrezgene);Acc:561929]",False,,4.887702941894531,0.0008064018512346369,
10,7,ENSDARG00000069792,crygm2d5,"crystallin, gamma M2d5 [Source:NCBI gene (formerly Entrezgene);Acc:558470]",False,,4.887702941894531,0.0008064018512346369,
10,8,ENSDARG00000053862,crygmx,"crystallin, gamma MX [Source:NCBI gene (formerly Entrezgene);Acc:335789]",False,,4.887702941894531,0.0008064018512346369,
10,9,ENSDARG00000087164,crygm2d4,"crystallin, gamma M2d4 [Source:NCBI gene (formerly Entrezgene);Acc:790917]",False,,4.887702941894531,0.0008064018512346369,
10,10,ENSDARG00000076790,crygm2d16,"crystallin, gamma M2d16 [Source:NCBI gene (formerly Entrezgene);Acc:798701]",False,,4.887702941894531,0.0008064018512346369,
10,11,ENSDARG00000086658,crygm2d21,"crystallin, gamma M2d21 [Source:NCBI gene (formerly Entrezgene);Acc:569000]",False,,4.887109279632568,0.0008064018512346369,
10,12,ENSDARG00000030411,crygn2,"crystallin, gamma N2 [Source:NCBI gene (formerly Entrezgene);Acc:445034]",False,,4.887109279632568,0.0008064018512346369,
10,13,ENSDARG00000032929,cryba1l1,"crystallin, beta A1, like 1 [Source:NCBI gene (formerly Entrezgene);Acc:550433]",False,,4.887109279632568,0.0008064018512346369,
10,14,ENSDARG00000091148,crygm2d20,"crystallin, gamma M2d20 [Source:NCBI gene (formerly Entrezgene);Acc:100000175]",False,,4.887109279632568,0.0008064018512346369,
10,15,ENSDARG00000088687,,,False,,4.886515140533447,0.0008064018512346369,
10,16,ENSDARG00000087765,crygm2d10,"crystallin, gamma M2d10 [Source:NCBI gene (formerly Entrezgene);Acc:100126134]",False,,4.886515140533447,0.0008064018512346369,
10,17,ENSDARG00000076693,,,False,,4.885921001434326,0.0008064018512346369,
10,18,ENSDARG00000069827,crygm2d11,"crystallin, gamma M2d11 [Source:NCBI gene (formerly Entrezgene);Acc:100126132]",False,,4.885623931884766,0.0008064018512346369,
10,19,ENSDARG00000086917,crygm2d2,"crystallin, gamma M2d2 [Source:NCBI gene (formerly Entrezgene);Acc:558501]",False,,4.885326862335205,0.0008064018512346369,
10,20,ENSDARG00000053875,cryba1b,"crystallin, beta A1b [Source:NCBI gene (formerly Entrezgene);Acc:436859]",False,,4.885326862335205,0.0008064018512346369,
10,21,ENSDARG00000068507,crybb1,"crystallin, beta B1 [Source:NCBI gene (formerly Entrezgene);Acc:114418]",False,,4.885326862335205,0.0008064018512346369,
10,22,ENSDARG00000016793,crybb1l2,"crystallin, beta B1, like 2 [Source:NCBI gene (formerly Entrezgene);Acc:560055]",False,,4.884732723236084,0.0008064018512346369,
10,23,ENSDARG00000041925,cryba2b,"crystallin, beta A2b [Source:NCBI gene (formerly Entrezgene);Acc:436857]",False,,4.884732723236084,0.0008064018512346369,
10,24,ENSDARG00000074001,crygmxl2,"crystallin, gamma MX, like 2 [Source:NCBI gene (formerly Entrezgene);Acc:554132]",False,,4.8823561668396,0.0008064018512346369,
10,25,ENSDARG00000076572,crygm2d7,"crystallin, gamma M2d7 [Source:NCBI gene (formerly Entrezgene);Acc:566558]",False,,4.8823561668396,0.0008064018512346369,
10,26,ENSDARG00000030349,cryba2a,"crystallin, beta A2a [Source:NCBI gene (formerly Entrezgene);Acc:415139]",False,,4.8817620277404785,0.0008064018512346369,
10,27,ENSDARG00000015445,lim2.4,lens intrinsic membrane protein 2.4 [Source:NCBI gene (formerly Entrezgene);Acc:436680],False,,4.880573749542236,0.0008064018512346369,
10,28,ENSDARG00000057460,crygm2d13,"crystallin, gamma M2d13 [Source:NCBI gene (formerly Entrezgene);Acc:436681]",False,,4.880573749542236,0.0008064018512346369,
10,29,ENSDARG00000073874,crygm2d6,"crystallin, gamma M2d6 [Source:NCBI gene (formerly Entrezgene);Acc:415228]",False,,4.879682540893555,0.0008064018512346369,
10,30,ENSDARG00000037402,lim2.3,lens intrinsic membrane protein 2.3 [Source:NCBI gene (formerly Entrezgene);Acc:436860],False,,4.87819766998291,0.0008064018512346369,
11,1,ENSDARG00000061436,col6a2,collagen type VI alpha 2 chain [Source:HGNC Symbol;Acc:HGNC:2212],False,,4.884138584136963,0.005820441344817379,
11,2,ENSDARG00000074908,col6a1,,False,,4.8514628410339355,0.005820441344817379,
11,3,ENSDARG00000052063,col4a5,"collagen, type IV, alpha 5 (Alport syndrome) [Source:NCBI gene (formerly Entrezgene);Acc:323561]",False,,4.850274562835693,0.005820441344817379,
11,4,ENSDARG00000009782,myh11a,"myosin, heavy chain 11a, smooth muscle [Source:NCBI gene (formerly Entrezgene);Acc:554168]",False,,4.842551231384277,0.005820441344817379,
11,5,ENSDARG00000045408,tagln,transgelin [Source:NCBI gene (formerly Entrezgene);Acc:751758],False,,4.837798118591309,0.005820441344817379,
11,6,ENSDARG00000096508,si:ch211-265g21.1,,False,,4.767693996429443,0.005820441344817379,
11,7,ENSDARG00000045930,rbpms2a,"RNA binding protein, mRNA processing factor 2a [Source:NCBI gene (formerly Entrezgene);Acc:436682]",False,,4.763535022735596,0.005820441344817379,
11,8,ENSDARG00000020845,tns1b,tensin 1 [Source:HGNC Symbol;Acc:HGNC:11973],False,,4.7391767501831055,0.005820441344817379,
11,9,ENSDARG00000017195,foxf2a,forkhead box F2a [Source:NCBI gene (formerly Entrezgene);Acc:407681],True,desc:forkhead,4.716006755828857,0.005820441344817379,
11,10,ENSDARG00000044954,slit1a,slit homolog 1a (Drosophila) [Source:NCBI gene (formerly Entrezgene);Acc:556123],False,,4.704718589782715,0.005820441344817379,
11,11,ENSDARG00000096655,si:ch211-184m19.3,,False,,4.694619178771973,0.005820441344817379,
11,12,ENSDARG00000041430,bmp2b,bone morphotic protein 2b [Source:NCBI gene (formerly Entrezgene);Acc:30632],False,,4.673825263977051,0.005905425701593895,
11,13,ENSDARG00000012593,col5a1,collagen type V alpha 1 chain [Source:HGNC Symbol;Acc:HGNC:2209],False,,4.639961242675781,0.006025059116168349,
11,14,ENSDARG00000095351,si:ch73-308b14.1,,False,,4.630455493927002,0.006025059116168349,
11,15,ENSDARG00000052061,col4a6,,False,,4.613820552825928,0.006025059116168349,
11,16,ENSDARG00000020007,col1a2,"collagen, type I, alpha 2 [Source:NCBI gene (formerly Entrezgene);Acc:336471]",False,,4.610256195068359,0.006025059116168349,
11,17,ENSDARG00000012405,col1a1a,"collagen, type I, alpha 1a [Source:NCBI gene (formerly Entrezgene);Acc:337158]",False,,4.576986312866211,0.00665128943685637,
11,18,ENSDARG00000023963,tpm4a,tropomyosin 4a [Source:NCBI gene (formerly Entrezgene);Acc:406437],False,,4.540745735168457,0.007131887238698366,
11,19,ENSDARG00000055009,col4a1,collagen type IV alpha 1 chain [Source:HGNC Symbol;Acc:HGNC:2202],False,,4.538963317871094,0.007131887238698366,
11,20,ENSDARG00000035809,col1a1b,"collagen, type I, alpha 1b [Source:NCBI gene (formerly Entrezgene);Acc:325675]",False,,4.444500923156738,0.010558331671373229,
11,21,ENSDARG00000045180,acta2,"actin alpha 2, smooth muscle [Source:NCBI gene (formerly Entrezgene);Acc:322509]",False,,4.234484672546387,0.024796219987958383,
11,22,ENSDARG00000093303,ifitm1,interferon induced transmembrane protein 1 [Source:NCBI gene (formerly Entrezgene);Acc:100003209],False,,4.223196506500244,0.024796219987958383,
11,23,ENSDARG00000069912,hmga2,high mobility group AT-hook 2 [Source:NCBI gene (formerly Entrezgene);Acc:324428],True,desc:high mobility group,4.218146800994873,0.024796219987958383,
11,24,ENSDARG00000095556,si:dkey-238c7.12,si:dkey-238c7.12 [Source:NCBI gene (formerly Entrezgene);Acc:795545],False,,4.21636438369751,0.024796219987958383,
11,25,ENSDARG00000092798,ppib,peptidylprolyl isomerase B (cyclophilin B) [Source:NCBI gene (formerly Entrezgene);Acc:406292],False,,4.19675874710083,0.02596065638289035,
11,26,ENSDARG00000039095,nkx2.3,NK2 homeobox 3 [Source:NCBI gene (formerly Entrezgene);Acc:30698],True,desc:homeobox,4.185768127441406,0.02620138846979743,
11,27,ENSDARG00000028071,bmp1a,bone morphotic protein 1a [Source:NCBI gene (formerly Entrezgene);Acc:572452],False,,4.167053699493408,0.027393445662749816,
11,28,ENSDARG00000074316,itga1,integrin subunit alpha 1 [Source:HGNC Symbol;Acc:HGNC:6134],False,,4.096949100494385,0.03508814470163464,
11,29,ENSDARG00000007354,,,False,,4.08981990814209,0.03508814470163464,
11,30,ENSDARG00000006526,fn1b,fibronectin 1b [Source:NCBI gene (formerly Entrezgene);Acc:334613],False,,4.082690715789795,0.03508814470163464,
12,1,ENSDARG00000089475,hbae1.1,"hemoglobin, alpha embryonic 1.1 [Source:NCBI gene (formerly Entrezgene);Acc:30597]",False,,8.258234977722168,5.53917795184757e-13,podocyte_PT_transition
12,2,ENSDARG00000089963,,,False,,8.258234977722168,5.53917795184757e-13,podocyte_PT_transition
12,3,ENSDARG00000079305,hbae3,hemoglobin alpha embryonic-3 [Source:NCBI gene (formerly Entrezgene);Acc:30601],False,,8.25788402557373,5.53917795184757e-13,podocyte_PT_transition
12,4,ENSDARG00000038147,hbbe3,hemoglobin beta embryonic-3 [Source:NCBI gene (formerly Entrezgene);Acc:30596],False,,8.25788402557373,5.53917795184757e-13,podocyte_PT_transition
12,5,ENSDARG00000045143,hbbe2,hemoglobin beta embryonic-2 [Source:NCBI gene (formerly Entrezgene);Acc:405772],False,,8.257532119750977,5.53917795184757e-13,podocyte_PT_transition
12,6,ENSDARG00000088330,hbae1.2,"hemoglobin, alpha embryonic 1.2 [Source:NCBI gene (formerly Entrezgene);Acc:572729]",False,,8.257180213928223,5.53917795184757e-13,podocyte_PT_transition
12,7,ENSDARG00000089124,hbae1.3,"hemoglobin, alpha embryonic 1.3 [Source:NCBI gene (formerly Entrezgene);Acc:100334599]",False,,8.242761611938477,5.53917795184757e-13,podocyte_PT_transition
12,8,ENSDARG00000090689,,,False,,8.231508255004883,5.53917795184757e-13,podocyte_PT_transition
12,9,ENSDARG00000058784,,,False,,8.19458293914795,6.279306927070865e-13,podocyte_PT_transition
12,10,ENSDARG00000087390,hbbe1.3,"hemoglobin, beta embryonic 1.3 [Source:NCBI gene (formerly Entrezgene);Acc:573653]",False,,8.18966007232666,6.279306927070865e-13,podocyte_PT_transition
12,11,ENSDARG00000096667,hemgn,,False,,8.130579948425293,9.310003687212197e-13,podocyte_PT_transition
12,12,ENSDARG00000095019,lmo2,LIM domain only 2 (rhombotin-like 1) [Source:NCBI gene (formerly Entrezgene);Acc:30332],False,,8.062004089355469,1.4991956792226924e-12,podocyte_PT_transition
12,13,ENSDARG00000015551,fth1a,"ferritin, heavy polypeptide 1a [Source:NCBI gene (formerly Entrezgene);Acc:58108]",False,,8.048992156982422,1.5392126676288942e-12,podocyte_PT_transition
12,14,ENSDARG00000006818,urod,uroporphyrinogen decarboxylase [Source:NCBI gene (formerly Entrezgene);Acc:30617],False,,7.8819499015808105,4.702895239323654e-12,podocyte_PT_transition
12,15,ENSDARG00000038643,alas2,"aminolevulinate, delta-, synthase 2 [Source:NCBI gene (formerly Entrezgene);Acc:64607]",False,,7.881422519683838,4.702895239323654e-12,podocyte_PT_transition
12,16,ENSDARG00000055991,hmbsb,"hydroxymethylbilane synthase, b [Source:NCBI gene (formerly Entrezgene);Acc:338290]",False,,7.876674652099609,4.702895239323654e-12,podocyte_PT_transition
12,17,ENSDARG00000029019,epb41b,erythrocyte membrane protein band 4.1b [Source:NCBI gene (formerly Entrezgene);Acc:326287],False,,7.8710479736328125,4.702895239323654e-12,podocyte_PT_transition
12,18,ENSDARG00000045142,hbae5,"hemoglobin, alpha embryonic 5 [Source:NCBI gene (formerly Entrezgene);Acc:561790]",False,,7.867355823516846,4.702895239323654e-12,podocyte_PT_transition
12,19,ENSDARG00000057206,nmt1b,N-myristoyltransferase 1b [Source:NCBI gene (formerly Entrezgene);Acc:562651],False,,7.858739852905273,4.702895239323654e-12,podocyte_PT_transition
12,20,ENSDARG00000012881,slc4a1a,solute carrier family 4 member 1a (Diego blood group) [Source:NCBI gene (formerly Entrezgene);Acc:84703],False,,7.857333183288574,4.702895239323654e-12,podocyte_PT_transition
12,21,ENSDARG00000030490,sptb,"spectrin, beta, erythrocytic [Source:NCBI gene (formerly Entrezgene);Acc:58040]",False,,7.8448486328125,4.947811370448399e-12,podocyte_PT_transition
12,22,ENSDARG00000013477,gata1a,GATA binding protein 1a [Source:NCBI gene (formerly Entrezgene);Acc:30481],True,family:^gata\d+[a-z]?$,7.830078601837158,5.312236729428797e-12,podocyte_PT_transition
12,23,ENSDARG00000019930,tal1,T-cell acute lymphocytic leukemia 1 [Source:NCBI gene (formerly Entrezgene);Acc:30766],True,family:^tal\d$,7.793329238891602,6.801872810640029e-12,podocyte_PT_transition
12,24,ENSDARG00000008840,hmbsa,hydroxymethylbilane synthase a [Source:NCBI gene (formerly Entrezgene);Acc:394129],False,,7.7862958908081055,6.891593684119867e-12,podocyte_PT_transition
12,25,ENSDARG00000043631,bcas2,BCAS2 pre-mRNA processing factor [Source:NCBI gene (formerly Entrezgene);Acc:493614],False,,7.739172458648682,9.470861677368215e-12,podocyte_PT_transition
12,26,ENSDARG00000025200,,,False,,7.7358317375183105,9.470861677368215e-12,podocyte_PT_transition
12,27,ENSDARG00000061591,abcb10,ATP binding cassette subfamily B member 10 [Source:HGNC Symbol;Acc:HGNC:41],False,,7.690290451049805,1.30327003164351e-11,podocyte_PT_transition
12,28,ENSDARG00000038792,klf17,Kruppel like factor 17 [Source:NCBI gene (formerly Entrezgene);Acc:65238],True,desc:kruppel,7.52148962020874,4.636113183236612e-11,podocyte_PT_transition
12,29,ENSDARG00000011166,cahz,carbonic anhydrase [Source:NCBI gene (formerly Entrezgene);Acc:30331],False,,7.478585720062256,6.209600581251422e-11,podocyte_PT_transition
12,30,ENSDARG00000003462,fech,ferrochelatase [Source:NCBI gene (formerly Entrezgene);Acc:58215],False,,7.452914237976074,7.294928616927112e-11,podocyte_PT_transition
13,1,ENSDARG00000013144,atp1b1a,ATPase Na+/K+ transporting subunit beta 1a [Source:NCBI gene (formerly Entrezgene);Acc:64267],False,,24.383281707763672,6.167328741690545e-127,distal_late (60%)
13,2,ENSDARG00000094561,fxyd2,FXYD domain containing ion transport regulator 2 [Source:NCBI gene (formerly Entrezgene);Acc:794522],False,,22.548173904418945,1.6772113920710166e-108,distal_late (60%)
13,3,ENSDARG00000005112,cdh17,"cadherin 17, LI cadherin (liver-intestine) [Source:NCBI gene (formerly Entrezgene);Acc:378452]",False,,22.37187385559082,5.90970814892553e-107,distal_late (60%)
13,4,ENSDARG00000058318,c1qtnf9,C1q and TNF related 9 [Source:NCBI gene (formerly Entrezgene);Acc:799425],False,,22.06401824951172,4.199195475411517e-104,distal_late (60%)
13,5,ENSDARG00000069841,,,False,,21.971277236938477,2.5994093362174926e-103,distal_late (60%)
13,6,ENSDARG00000070083,atp5f1b,ATP synthase F1 subunit beta [Source:NCBI gene (formerly Entrezgene);Acc:554135],False,,21.89288902282715,1.2130558288925192e-102,distal_late (60%)
13,7,ENSDARG00000009447,atp5mc3b,ATP synthase membrane subunit c locus 3b [Source:NCBI gene (formerly Entrezgene);Acc:81541],False,,21.785505294799805,1.0903243013607101e-101,distal_late (60%)
13,8,ENSDARG00000019644,ldhba,lactate dehydrogenase Ba [Source:NCBI gene (formerly Entrezgene);Acc:30497],False,,21.662084579467773,1.4010160497945532e-100,distal_late (60%)
13,9,ENSDARG00000013623,vdac2,voltage-dependent anion channel 2 [Source:NCBI gene (formerly Entrezgene);Acc:322126],False,,21.60478973388672,4.3125475697453476e-100,distal_late (60%)
13,10,ENSDARG00000010149,atp5fa1,ATP synthase F1 subunit alpha [Source:NCBI gene (formerly Entrezgene);Acc:553755],False,,21.39286994934082,3.7316233639686574e-98,distal_late (60%)
13,11,ENSDARG00000022560,clcnk,chloride channel K [Source:NCBI gene (formerly Entrezgene);Acc:393353],False,,21.181995391845703,3.050151499229697e-96,distal_late (60%)
13,12,ENSDARG00000067829,ppargc1a,PPARG coactivator 1 alpha [Source:HGNC Symbol;Acc:HGNC:9237],False,,21.02359390258789,7.97093464150655e-95,distal_late (60%)
13,13,ENSDARG00000017772,mdh1aa,"malate dehydrogenase 1Aa, NAD (soluble) [Source:NCBI gene (formerly Entrezgene);Acc:399662]",False,,20.82300567626953,4.938753449264953e-93,distal_late (60%)
13,14,ENSDARG00000015978,cox5ba,cytochrome c oxidase subunit 5Ba [Source:NCBI gene (formerly Entrezgene);Acc:415253],False,,20.795751571655273,8.096399690033386e-93,distal_late (60%)
13,15,ENSDARG00000056008,atp5mc1,ATP synthase membrane subunit c locus 1 [Source:NCBI gene (formerly Entrezgene);Acc:406301],False,,20.73479652404785,2.6872465118923498e-92,distal_late (60%)
13,16,ENSDARG00000003219,bin2a,bridging integrator 2a [Source:NCBI gene (formerly Entrezgene);Acc:492780],False,,20.53571891784668,1.5471859615124105e-90,distal_late (60%)
13,17,ENSDARG00000003795,idh2,isocitrate dehydrogenase (NADP(+)) 2 [Source:NCBI gene (formerly Entrezgene);Acc:386951],False,,20.18445587158203,1.8907473618919915e-87,distal_late (60%)
13,18,ENSDARG00000025566,slc25a3b,solute carrier family 25 member 3b [Source:NCBI gene (formerly Entrezgene);Acc:322362],False,,19.829240798950195,2.217640758507847e-84,distal_late (60%)
13,19,ENSDARG00000038577,cox6c,cytochrome c oxidase subunit 6C [Source:NCBI gene (formerly Entrezgene);Acc:494577],False,,19.416908264160156,7.006206430632632e-81,distal_late (60%)
13,20,ENSDARG00000069503,cldn3c,claudin 3c [Source:NCBI gene (formerly Entrezgene);Acc:81587],False,,19.410573959350586,7.529208038075918e-81,distal_late (60%)
13,21,ENSDARG00000032849,ndrg1a,N-myc downstream regulated 1a [Source:NCBI gene (formerly Entrezgene);Acc:792085],False,,19.380531311035156,1.286124559905058e-80,distal_late (60%)
13,22,ENSDARG00000059128,uqcrh,ubiquinol-cytochrome c reductase hinge protein [Source:NCBI gene (formerly Entrezgene);Acc:566723],False,,19.143335342407227,1.1984905626066762e-78,distal_late (60%)
13,23,ENSDARG00000092873,atp5mj,ATP synthase membrane subunit j [Source:NCBI gene (formerly Entrezgene);Acc:557217],False,,18.939956665039062,5.569476919104041e-77,distal_late (60%)
13,24,ENSDARG00000071353,mgarpa,mitochondria localized glutamic acid rich protein a [Source:NCBI gene (formerly Entrezgene);Acc:100002196],False,,18.889984130859375,1.37715465475375e-76,distal_late (60%)
13,25,ENSDARG00000026039,,,False,,18.824438095092773,4.566128881919265e-76,distal_late (60%)
13,26,ENSDARG00000025635,,,False,,18.690208435058594,5.483601688453925e-75,distal_late (60%)
13,27,ENSDARG00000019404,atp5f1d,ATP synthase F1 subunit delta [Source:NCBI gene (formerly Entrezgene);Acc:335709],False,,18.576549530029297,4.416546269683118e-74,distal_late (60%)
13,28,ENSDARG00000013968,psap,prosaposin [Source:NCBI gene (formerly Entrezgene);Acc:140811],False,,18.526111602783203,1.0884948914676972e-73,distal_late (60%)
13,29,ENSDARG00000011841,atp5l,"ATP synthase, H+ transporting, mitochondrial F0 complex, subunit g [Source:NCBI gene (formerly Entrezgene);Acc:326977]",False,,18.410593032836914,8.929530706675571e-73,distal_late (60%)
13,30,ENSDARG00000044562,cycsb,"cytochrome c, somatic b [Source:NCBI gene (formerly Entrezgene);Acc:415158]",False,,18.36648941040039,1.9469605747726772e-72,distal_late (60%)
14,1,ENSDARG00000012820,nop56,NOP56 ribonucleoprotein homolog [Source:NCBI gene (formerly Entrezgene);Acc:394196],False,,11.03432846069336,3.0278869001470778e-24,
14,2,ENSDARG00000038153,lgals2b,"lectin, galactoside-binding, soluble, 2b [Source:NCBI gene (formerly Entrezgene);Acc:393486]",False,,11.007326126098633,3.0278869001470778e-24,
14,3,ENSDARG00000056160,hspd1,heat shock 60 protein 1 [Source:NCBI gene (formerly Entrezgene);Acc:282676],False,,11.000751495361328,3.0278869001470778e-24,
14,4,ENSDARG00000002710,ncl,nucleolin [Source:NCBI gene (formerly Entrezgene);Acc:767714],False,,10.349569320678711,2.5190756792399275e-21,
14,5,ENSDARG00000036834,krt92,keratin 92 [Source:NCBI gene (formerly Entrezgene);Acc:550522],False,,10.109289169311523,2.4088546216991192e-20,
14,6,ENSDARG00000090185,si:dkeyp-73b11.8,si:dkeyp-73b11.8 [Source:NCBI gene (formerly Entrezgene);Acc:100333708],False,,9.949390411376953,1.0136664016629209e-19,
14,7,ENSDARG00000014329,npm1a,nucleophosmin 1a [Source:NCBI gene (formerly Entrezgene);Acc:266985],False,,9.751608848571777,5.903347501744895e-19,
14,8,ENSDARG00000037425,s100a10a,S100 calcium binding protein A10a [Source:NCBI gene (formerly Entrezgene);Acc:449788],False,,9.74331283569336,5.903347501744895e-19,
14,9,ENSDARG00000031164,tuba8l2,"tubulin, alpha 8 like 2 [Source:NCBI gene (formerly Entrezgene);Acc:393664]",False,,9.428757667541504,1.1052194245579335e-17,
14,10,ENSDARG00000076892,,,False,,9.39651107788086,1.3519609191272848e-17,
14,11,ENSDARG00000058337,,,False,,9.202643394470215,7.610459515582841e-17,
14,12,ENSDARG00000057706,tm4sf21a,transmembrane 4 L six family member 21a [Source:NCBI gene (formerly Entrezgene);Acc:565274],False,,9.1613187789917,9.86607073037583e-17,
14,13,ENSDARG00000016081,cldn15la,claudin 15-like a [Source:NCBI gene (formerly Entrezgene);Acc:81591],False,,9.15670108795166,9.86607073037583e-17,
14,14,ENSDARG00000014556,serpinb1l3,"serpin peptidase inhibitor, clade B (ovalbumin), member 1, like 3 [Source:NCBI gene (formerly Entrezgene);Acc:335119]",False,,9.096121788024902,1.6028160960243343e-16,
14,15,ENSDARG00000017624,krt4,keratin 4 [Source:NCBI gene (formerly Entrezgene);Acc:794486],False,,9.008150100708008,3.3487936482725247e-16,
14,16,ENSDARG00000016484,dkc1,"dyskeratosis congenita 1, dyskerin [Source:NCBI gene (formerly Entrezgene);Acc:613144]",False,,8.950623512268066,5.295562754237556e-16,
14,17,ENSDARG00000026369,dbi,"diazepam binding inhibitor (GABA receptor modulator, acyl-CoA binding protein) [Source:NCBI gene (formerly Entrezgene);A",False,,8.747442245483398,3.0772230585045128e-15,
14,18,ENSDARG00000092807,si:dkey-151g10.6,si:dkey-151g10.6 [Source:NCBI gene (formerly Entrezgene);Acc:335588],False,,8.706274032592773,4.181799714165847e-15,
14,19,ENSDARG00000024278,adh8b,alcohol dehydrogenase 8b [Source:NCBI gene (formerly Entrezgene);Acc:402841],False,,8.698760032653809,4.23297064969063e-15,
14,20,ENSDARG00000089361,tfpil,tissue factor pathway inhibitor-like [Source:NCBI gene (formerly Entrezgene);Acc:322379],False,,8.673558235168457,5.019591063044946e-15,
14,21,ENSDARG00000058476,stc1l,"stanniocalcin 1, like [Source:NCBI gene (formerly Entrezgene);Acc:393511]",False,,8.646164894104004,6.079157295510938e-15,
14,22,ENSDARG00000056167,hspe1,heat shock 10 protein 1 [Source:NCBI gene (formerly Entrezgene);Acc:58041],False,,8.523755073547363,1.682935044903136e-14,
14,23,ENSDARG00000090228,gsta.1,"glutathione S-transferase, alpha tandem duplicate 1 [Source:NCBI gene (formerly Entrezgene);Acc:406703]",False,,8.488300323486328,2.1852471100297148e-14,
14,24,ENSDARG00000058999,,,False,,8.464115142822266,2.5778126217118646e-14,
14,25,ENSDARG00000086583,,,False,,8.451592445373535,2.755162747840721e-14,
14,26,ENSDARG00000036044,rps20,ribosomal protein S20 [Source:NCBI gene (formerly Entrezgene);Acc:406485],False,,8.385769844055176,4.6460045740479804e-14,
14,27,ENSDARG00000005039,,,False,,8.218982696533203,1.8220405096230884e-13,
14,28,ENSDARG00000058462,zgc:158846,zgc:158846 [Source:NCBI gene (formerly Entrezgene);Acc:100009654],False,,8.122557640075684,3.907618160145153e-13,
14,29,ENSDARG00000087504,,,False,,8.112382888793945,4.1027098469200646e-13,
14,30,ENSDARG00000005191,ahcy,adenosylhomocysteinase [Source:NCBI gene (formerly Entrezgene);Acc:387530],False,,8.099234580993652,4.4189606999282556e-13,
15,1,ENSDARG00000028148,pax2a,paired box 2a [Source:NCBI gene (formerly Entrezgene);Acc:30425],True,desc:paired box,8.01537036895752,9.246320342124984e-12,progenitors_canonical_id (27%)
15,2,ENSDARG00000068103,cfap45,cilia and flagella associated protein 45 [Source:NCBI gene (formerly Entrezgene);Acc:325276],False,,8.009743690490723,9.246320342124984e-12,progenitors_canonical_id (27%)
15,3,ENSDARG00000036700,si:ch211-114n24.6,si:ch211-114n24.6 [Source:NCBI gene (formerly Entrezgene);Acc:795591],False,,8.008915901184082,9.246320342124984e-12,progenitors_canonical_id (27%)
15,4,ENSDARG00000028973,tekt2,tektin 2 (testicular) [Source:NCBI gene (formerly Entrezgene);Acc:550629],False,,7.958603858947754,9.739102466919137e-12,progenitors_canonical_id (27%)
15,5,ENSDARG00000041723,zgc:55461,zgc:55461 [Source:NCBI gene (formerly Entrezgene);Acc:406811],False,,7.939405918121338,9.739102466919137e-12,progenitors_canonical_id (27%)
15,6,ENSDARG00000094581,,,False,,7.757023811340332,3.4734718227675217e-11,progenitors_canonical_id (27%)
15,7,ENSDARG00000011602,cracd,capping protein inhibiting regulator of actin dynamics [Source:NCBI gene (formerly Entrezgene);Acc:570321],False,,7.713331699371338,4.197314146365941e-11,progenitors_canonical_id (27%)
15,8,ENSDARG00000089998,,,False,,7.680397033691406,4.751937790039895e-11,progenitors_canonical_id (27%)
15,9,ENSDARG00000093642,si:dkey-57c15.9,,False,,7.222952842712402,1.3548554478150407e-09,progenitors_canonical_id (27%)
15,10,ENSDARG00000041215,cetn4,,False,,7.1638689041137695,1.8799993118468707e-09,progenitors_canonical_id (27%)
15,11,ENSDARG00000056888,dnah5l,,False,,7.024848461151123,4.66976822066626e-09,progenitors_canonical_id (27%)
15,12,ENSDARG00000074630,,,False,,6.982810974121094,5.7469928116980026e-09,progenitors_canonical_id (27%)
15,13,ENSDARG00000092981,,,False,,6.961296081542969,5.7469928116980026e-09,progenitors_canonical_id (27%)
15,14,ENSDARG00000059545,,,False,,6.959310054779053,5.7469928116980026e-09,progenitors_canonical_id (27%)
15,15,ENSDARG00000034457,si:ch211-163l21.7,si:ch211-163l21.7 [Source:NCBI gene (formerly Entrezgene);Acc:567726],False,,6.94722843170166,5.7469928116980026e-09,progenitors_canonical_id (27%)
15,16,ENSDARG00000095236,si:ch73-110p20.1,,False,,6.943090915679932,5.7469928116980026e-09,progenitors_canonical_id (27%)
15,17,ENSDARG00000093823,si:ch211-102c2.8,,False,,6.910487174987793,6.8101851774288076e-09,progenitors_canonical_id (27%)
15,18,ENSDARG00000039341,,,False,,6.853058338165283,9.62628902464129e-09,progenitors_canonical_id (27%)
15,19,ENSDARG00000094423,si:ch211-270n8.4,,False,,6.762529373168945,1.7107395586836876e-08,progenitors_canonical_id (27%)
15,20,ENSDARG00000088290,foxj1b,forkhead box J1b [Source:NCBI gene (formerly Entrezgene);Acc:494105],True,desc:forkhead,6.697487831115723,2.5412167405454254e-08,progenitors_canonical_id (27%)
15,21,ENSDARG00000074265,dzip1l,DAZ interacting zinc finger protein 1-like [Source:NCBI gene (formerly Entrezgene);Acc:553313],True,desc:zinc finger,6.639893531799316,3.5830598160497506e-08,progenitors_canonical_id (27%)
15,22,ENSDARG00000031248,enkur,"enkurin, TRPC channel interacting protein [Source:NCBI gene (formerly Entrezgene);Acc:402794]",False,,6.607124328613281,4.2694625641443144e-08,progenitors_canonical_id (27%)
15,23,ENSDARG00000091937,si:dkey-16m19.4,,False,,6.4498982429504395,1.1664545673515343e-07,progenitors_canonical_id (27%)
15,24,ENSDARG00000093484,si:dkey-95p16.2,,False,,6.432851791381836,1.2046180200672984e-07,progenitors_canonical_id (27%)
15,25,ENSDARG00000045909,dynlt1b,dynein light chain Tctex-type 1b [Source:NCBI gene (formerly Entrezgene);Acc:565740],False,,6.426562786102295,1.2046180200672984e-07,progenitors_canonical_id (27%)
15,26,ENSDARG00000095453,si:rp71-17i16.6,si:rp71-17i16.6 [Source:NCBI gene (formerly Entrezgene);Acc:100148415],False,,6.426397323608398,1.2046180200672984e-07,progenitors_canonical_id (27%)
15,27,ENSDARG00000067831,tbata,"thymus, brain and testes associated [Source:HGNC Symbol;Acc:HGNC:23511]",False,,6.376250743865967,1.611103032250948e-07,progenitors_canonical_id (27%)
15,28,ENSDARG00000052343,spata18,spermatosis associated 18 [Source:NCBI gene (formerly Entrezgene);Acc:497395],False,,6.368968486785889,1.629135197574762e-07,progenitors_canonical_id (27%)
15,29,ENSDARG00000095598,,,False,,6.229120254516602,3.8770354976582157e-07,progenitors_canonical_id (27%)
15,30,ENSDARG00000021913,ak9,,False,,6.2056193351745605,4.3531082684475017e-07,progenitors_canonical_id (27%)
16,1,ENSDARG00000018383,frzb,frizzled related protein [Source:NCBI gene (formerly Entrezgene);Acc:30119],False,,11.73039436340332,1.1683828397565858e-27,progenitors_TF_rich (intermed_meso 28% + TF_panel 24%)
16,2,ENSDARG00000077570,cdh16,,False,,11.722723007202148,1.1683828397565858e-27,progenitors_TF_rich (intermed_meso 28% + TF_panel 24%)
16,3,ENSDARG00000062909,furina,furin (paired basic amino acid cleaving enzyme) a [Source:NCBI gene (formerly Entrezgene);Acc:566557],False,,11.111852645874023,8.777513917717633e-25,progenitors_TF_rich (intermed_meso 28% + TF_panel 24%)
16,4,ENSDARG00000058476,stc1l,"stanniocalcin 1, like [Source:NCBI gene (formerly Entrezgene);Acc:393511]",False,,10.926624298095703,5.1528327906144814e-24,progenitors_TF_rich (intermed_meso 28% + TF_panel 24%)
16,5,ENSDARG00000019451,pcsk2,proprotein convertase subtilisin/kexin type 2 [Source:NCBI gene (formerly Entrezgene);Acc:100004460],False,,10.880224227905273,6.865493101192463e-24,progenitors_TF_rich (intermed_meso 28% + TF_panel 24%)
16,6,ENSDARG00000074319,sall1a,spalt-like transcription factor 1a [Source:NCBI gene (formerly Entrezgene);Acc:555721],True,desc:transcription factor,10.615682601928711,1.006521601750102e-22,progenitors_TF_rich (intermed_meso 28% + TF_panel 24%)
16,7,ENSDARG00000086199,,,False,,10.598360061645508,1.0384161699116197e-22,progenitors_TF_rich (intermed_meso 28% + TF_panel 24%)
16,8,ENSDARG00000042518,hipk2,homeodomain interacting protein kinase 2 [Source:NCBI gene (formerly Entrezgene);Acc:557551],True,desc:homeodomain,10.321693420410156,1.6845788026046183e-21,progenitors_TF_rich (intermed_meso 28% + TF_panel 24%)
16,9,ENSDARG00000035521,sfrp1a,secreted frizzled-related protein 1a [Source:NCBI gene (formerly Entrezgene);Acc:402843],False,,9.638562202453613,1.4635576237359243e-18,progenitors_TF_rich (intermed_meso 28% + TF_panel 24%)
16,10,ENSDARG00000028213,ttn.2,titin [Source:HGNC Symbol;Acc:HGNC:12403],False,,9.402603149414062,1.2728114315174436e-17,progenitors_TF_rich (intermed_meso 28% + TF_panel 24%)
16,11,ENSDARG00000075557,apcdd1l,APC down-regulated 1 like [Source:HGNC Symbol;Acc:HGNC:26892],False,,9.392828941345215,1.2728114315174436e-17,progenitors_TF_rich (intermed_meso 28% + TF_panel 24%)
16,12,ENSDARG00000040532,,,False,,9.369195938110352,1.4599227058569205e-17,progenitors_TF_rich (intermed_meso 28% + TF_panel 24%)
16,13,ENSDARG00000042899,elapor1,endosome-lysosome associated apoptosis and autophagy regulator 1 [Source:HGNC Symbol;Acc:HGNC:29618],False,,9.249422073364258,4.161750578584039e-17,progenitors_TF_rich (intermed_meso 28% + TF_panel 24%)
16,14,ENSDARG00000032614,msi2b,musashi RNA-binding protein 2b [Source:NCBI gene (formerly Entrezgene);Acc:394084],False,,9.227025985717773,4.764033903066314e-17,progenitors_TF_rich (intermed_meso 28% + TF_panel 24%)
16,15,ENSDARG00000013414,lin7a,lin-7 homolog A (C. elegans) [Source:NCBI gene (formerly Entrezgene);Acc:393682],False,,9.152786254882812,8.86629424597746e-17,progenitors_TF_rich (intermed_meso 28% + TF_panel 24%)
16,16,ENSDARG00000036848,slc43a2a,solute carrier family 43 member 2 [Source:HGNC Symbol;Acc:HGNC:23087],False,,9.090548515319824,1.4762625557393832e-16,progenitors_TF_rich (intermed_meso 28% + TF_panel 24%)
16,17,ENSDARG00000055158,prox1a,prospero homeobox 1a [Source:NCBI gene (formerly Entrezgene);Acc:30679],True,desc:homeobox,8.99094295501709,3.4561558327561104e-16,progenitors_TF_rich (intermed_meso 28% + TF_panel 24%)
16,18,ENSDARG00000074697,npdc1a,"neural proliferation, differentiation and control, 1a [Source:NCBI gene (formerly Entrezgene);Acc:794093]",False,,8.633354187011719,7.933852783270686e-15,progenitors_TF_rich (intermed_meso 28% + TF_panel 24%)
16,19,ENSDARG00000023316,sim1a,SIM bHLH transcription factor 1a [Source:NCBI gene (formerly Entrezgene);Acc:260351],True,desc:transcription factor,8.475966453552246,2.9412031907142064e-14,progenitors_TF_rich (intermed_meso 28% + TF_panel 24%)
16,20,ENSDARG00000070171,,,False,,8.42041015625,4.49640413356205e-14,progenitors_TF_rich (intermed_meso 28% + TF_panel 24%)
16,21,ENSDARG00000035652,sat1a.1,"spermidine/spermine N1-acetyltransferase 1a, duplicate 1 [Source:NCBI gene (formerly Entrezgene);Acc:565700]",False,,8.403458595275879,4.948299922386007e-14,progenitors_TF_rich (intermed_meso 28% + TF_panel 24%)
16,22,ENSDARG00000056027,hoxb8a,homeobox B8a [Source:NCBI gene (formerly Entrezgene);Acc:30343],True,desc:homeobox,8.228747367858887,2.0612170891692547e-13,progenitors_TF_rich (intermed_meso 28% + TF_panel 24%)
16,23,ENSDARG00000027249,btg1,"B-cell translocation 1, anti-proliferative [Source:NCBI gene (formerly Entrezgene);Acc:114432]",False,,7.960494041442871,1.785805491793591e-12,progenitors_TF_rich (intermed_meso 28% + TF_panel 24%)
16,24,ENSDARG00000012896,anos1a,anosmin 1a [Source:NCBI gene (formerly Entrezgene);Acc:30630],False,,7.844432353973389,4.219603952918257e-12,progenitors_TF_rich (intermed_meso 28% + TF_panel 24%)
16,25,ENSDARG00000056623,ptenb,phosphatase and tensin homolog B [Source:NCBI gene (formerly Entrezgene);Acc:368415],False,,7.842947483062744,4.219603952918257e-12,progenitors_TF_rich (intermed_meso 28% + TF_panel 24%)
16,26,ENSDARG00000062080,shc2,SHC (Src homology 2 domain containing) transforming protein 2 [Source:NCBI gene (formerly Entrezgene);Acc:562011],False,,7.8271098136901855,4.602367487038513e-12,progenitors_TF_rich (intermed_meso 28% + TF_panel 24%)
16,27,ENSDARG00000032849,ndrg1a,N-myc downstream regulated 1a [Source:NCBI gene (formerly Entrezgene);Acc:792085],False,,7.694467544555664,1.2613939256093479e-11,progenitors_TF_rich (intermed_meso 28% + TF_panel 24%)
16,28,ENSDARG00000041006,st3gal4,"ST3 beta-galactoside alpha-2,3-sialyltransferase 4 [Source:NCBI gene (formerly Entrezgene);Acc:504044]",False,,7.570239543914795,3.1805308174669614e-11,progenitors_TF_rich (intermed_meso 28% + TF_panel 24%)
16,29,ENSDARG00000062780,aifm3,AIF family member 3 [Source:NCBI gene (formerly Entrezgene);Acc:100150876],False,,7.566032886505127,3.1805308174669614e-11,progenitors_TF_rich (intermed_meso 28% + TF_panel 24%)
16,30,ENSDARG00000071692,prex2,"phosphatidylinositol-3,4,5-trisphosphate dependent Rac exchange factor 2 [Source:HGNC Symbol;Acc:HGNC:22950]",False,,7.341333389282227,1.6896956176639722e-10,progenitors_TF_rich (intermed_meso 28% + TF_panel 24%)
17,1,ENSDARG00000031228,podxl,podocalyxin-like [Source:NCBI gene (formerly Entrezgene);Acc:563365],False,,11.447994232177734,4.37675498545892e-26,podocyte (81%)
17,2,ENSDARG00000031420,wt1a,WT1 transcription factor a [Source:NCBI gene (formerly Entrezgene);Acc:30245],True,desc:transcription factor,11.411778450012207,4.37675498545892e-26,podocyte (81%)
17,3,ENSDARG00000090190,bcam,basal cell adhesion molecule (Lutheran blood group) [Source:NCBI gene (formerly Entrezgene);Acc:767689],False,,11.114026069641113,8.56642065776424e-25,podocyte (81%)
17,4,ENSDARG00000034555,pard3bb,,False,,10.661781311035156,9.206040884555608e-23,podocyte (81%)
17,5,ENSDARG00000056998,kirrel1b,kirre like nephrin family adhesion molecule 1b [Source:NCBI gene (formerly Entrezgene);Acc:100170816],False,,10.606769561767578,1.3287375452975923e-22,podocyte (81%)
17,6,ENSDARG00000042850,nphs2,"NPHS2 stomatin family member, podocin [Source:NCBI gene (formerly Entrezgene);Acc:557914]",False,,10.521500587463379,2.747329979151938e-22,podocyte (81%)
17,7,ENSDARG00000092035,si:ch211-156j16.1,si:ch211-156j16.1 [Source:NCBI gene (formerly Entrezgene);Acc:564557],False,,10.475198745727539,3.845503911348338e-22,podocyte (81%)
17,8,ENSDARG00000021590,magi2a,"membrane associated guanylate kinase, WW and PDZ domain containing 2a [Source:NCBI gene (formerly Entrezgene);Acc:564112",False,,10.35188102722168,1.2294955654417442e-21,podocyte (81%)
17,9,ENSDARG00000016153,dag1,dystroglycan 1 [Source:NCBI gene (formerly Entrezgene);Acc:286829],False,,10.296180725097656,1.9490998834797533e-21,podocyte (81%)
17,10,ENSDARG00000058128,msna,moesin a [Source:NCBI gene (formerly Entrezgene);Acc:286739],False,,10.286210060119629,1.9490998834797533e-21,podocyte (81%)
17,11,ENSDARG00000041799,gja1b,gap junction protein alpha 1b [Source:NCBI gene (formerly Entrezgene);Acc:30236],False,,10.196242332458496,4.490931189314297e-21,podocyte (81%)
17,12,ENSDARG00000060010,iqgap2,IQ motif containing GTPase activating protein 2 [Source:NCBI gene (formerly Entrezgene);Acc:563030],False,,10.035561561584473,2.124387074675457e-20,podocyte (81%)
17,13,ENSDARG00000017121,mafba,MAF bZIP transcription factor Ba [Source:NCBI gene (formerly Entrezgene);Acc:30210],True,desc:transcription factor,9.944104194641113,4.933581833939586e-20,podocyte (81%)
17,14,ENSDARG00000003142,dachc,dachshund c [Source:NCBI gene (formerly Entrezgene);Acc:692255],False,,9.933216094970703,5.110216098988593e-20,podocyte (81%)
17,15,ENSDARG00000037870,actb2,"actin, beta 2 [Source:NCBI gene (formerly Entrezgene);Acc:57935]",False,,9.81941032409668,1.4843043139336383e-19,podocyte (81%)
17,16,ENSDARG00000007990,wt1b,WT1 transcription factor b [Source:NCBI gene (formerly Entrezgene);Acc:568416],True,desc:transcription factor,9.697696685791016,4.619950438897705e-19,podocyte (81%)
17,17,ENSDARG00000019353,sparc,"secreted protein, acidic, cysteine-rich (osteonectin) [Source:NCBI gene (formerly Entrezgene);Acc:321357]",False,,9.618617057800293,9.407854013892797e-19,podocyte (81%)
17,18,ENSDARG00000061328,cdon,"cell adhesion associated, onco regulated [Source:NCBI gene (formerly Entrezgene);Acc:280652]",False,,9.465156555175781,3.821634191769853e-18,podocyte (81%)
17,19,ENSDARG00000020164,efnb2a,ephrin-B2a [Source:NCBI gene (formerly Entrezgene);Acc:30219],False,,9.46171760559082,3.821634191769853e-18,podocyte (81%)
17,20,ENSDARG00000095603,grid2ipb,"glutamate receptor, ionotropic, delta 2 (Grid2) interacting protein, b [Source:NCBI gene (formerly Entrezgene);Acc:55971",False,,9.34768295288086,1.073723874721512e-17,podocyte (81%)
17,21,ENSDARG00000061231,tinagl1,tubulointerstitial nephritis antigen-like 1 [Source:NCBI gene (formerly Entrezgene);Acc:562116],False,,9.24361801147461,2.7200172702500234e-17,podocyte (81%)
17,22,ENSDARG00000079578,rbpms2b,"RNA binding protein, mRNA processing factor 2b [Source:NCBI gene (formerly Entrezgene);Acc:393229]",False,,9.207402229309082,3.64031340567335e-17,podocyte (81%)
17,23,ENSDARG00000034700,vegfab,vascular endothelial growth factor Ab [Source:NCBI gene (formerly Entrezgene);Acc:558154],False,,8.890166282653809,6.359084372601503e-16,podocyte (81%)
17,24,ENSDARG00000062970,niban2a,niban apoptosis regulator 2a [Source:NCBI gene (formerly Entrezgene);Acc:563073],False,,8.787247657775879,1.5307649456923899e-15,podocyte (81%)
17,25,ENSDARG00000045971,,,False,,8.757564544677734,1.856271008620822e-15,podocyte (81%)
17,26,ENSDARG00000056680,stc2a,stanniocalcin 2a [Source:NCBI gene (formerly Entrezgene);Acc:544665],False,,8.756532669067383,1.856271008620822e-15,podocyte (81%)
17,27,ENSDARG00000054103,ripply1,ripply transcriptional repressor 1 [Source:NCBI gene (formerly Entrezgene);Acc:654446],True,desc:transcriptional,8.743467330932617,2.0069328450841907e-15,podocyte (81%)
17,28,ENSDARG00000012244,ube2e3,"ubiquitin-conjugating enzyme E2E 3 (UBC4/5 homolog, yeast) [Source:NCBI gene (formerly Entrezgene);Acc:321689]",False,,8.650291442871094,4.3974854557338115e-15,podocyte (81%)
17,29,ENSDARG00000012824,itga3b,"integrin, alpha 3b [Source:NCBI gene (formerly Entrezgene);Acc:100331874]",False,,8.596539497375488,6.790585434986748e-15,podocyte (81%)
17,30,ENSDARG00000015866,apoa2,apolipoprotein A-II [Source:NCBI gene (formerly Entrezgene);Acc:322327],False,,8.542902946472168,1.0458197044529106e-14,podocyte (81%)
18,1,ENSDARG00000012405,col1a1a,"collagen, type I, alpha 1a [Source:NCBI gene (formerly Entrezgene);Acc:337158]",False,,9.858697891235352,1.5067369603035494e-18,
18,2,ENSDARG00000055678,akap12b,A kinase (PRKA) anchor protein 12b [Source:NCBI gene (formerly Entrezgene);Acc:567365],False,,9.559048652648926,1.4243458708042258e-17,
18,3,ENSDARG00000022013,,,False,,9.456487655639648,2.5444978884569847e-17,
18,4,ENSDARG00000093572,lamc3,,False,,9.408822059631348,3.006593782263113e-17,
18,5,ENSDARG00000061140,colec12,collectin sub-family member 12 [Source:NCBI gene (formerly Entrezgene);Acc:558942],False,,9.102746963500977,3.5273171560294153e-16,
18,6,ENSDARG00000013430,bhmt,betaine-homocysteine methyltransferase [Source:NCBI gene (formerly Entrezgene);Acc:322228],False,,9.102478981018066,3.5273171560294153e-16,
18,7,ENSDARG00000020007,col1a2,"collagen, type I, alpha 2 [Source:NCBI gene (formerly Entrezgene);Acc:336471]",False,,9.049189567565918,4.932096859931885e-16,
18,8,ENSDARG00000055009,col4a1,collagen type IV alpha 1 chain [Source:HGNC Symbol;Acc:HGNC:2202],False,,8.905925750732422,1.5862812746858397e-15,
18,9,ENSDARG00000012593,col5a1,collagen type V alpha 1 chain [Source:HGNC Symbol;Acc:HGNC:2209],False,,8.748202323913574,5.77355322136695e-15,
18,10,ENSDARG00000011407,col2a1b,"collagen, type II, alpha 1b [Source:NCBI gene (formerly Entrezgene);Acc:503730]",False,,8.60346508026123,1.8245471790478088e-14,
18,11,ENSDARG00000032724,,,False,,8.5943603515625,1.8245471790478088e-14,
18,12,ENSDARG00000060675,,,False,,8.570260047912598,2.0624503566890664e-14,
18,13,ENSDARG00000039034,marcksl1a,MARCKS-like 1a [Source:NCBI gene (formerly Entrezgene);Acc:406407],False,,8.059999465942383,1.4067564998188387e-12,
18,14,ENSDARG00000036036,mdka,midkine a [Source:NCBI gene (formerly Entrezgene);Acc:30277],False,,8.000819206237793,2.11610168727034e-12,
18,15,ENSDARG00000071586,tgfbi,"transforming growth factor, beta-induced [Source:NCBI gene (formerly Entrezgene);Acc:321421]",False,,7.902543067932129,4.366846288995304e-12,
18,16,ENSDARG00000090703,,,False,,7.8101582527160645,8.053396182409708e-12,
18,17,ENSDARG00000090113,,,False,,7.8101582527160645,8.053396182409708e-12,
18,18,ENSDARG00000000103,myh10,myosin heavy chain 10 [Source:HGNC Symbol;Acc:HGNC:7568],False,,7.680819034576416,2.1050289007433917e-11,
18,19,ENSDARG00000012066,dcn,decorin [Source:NCBI gene (formerly Entrezgene);Acc:64698],False,,7.670777320861816,2.1567629763473034e-11,
18,20,ENSDARG00000079752,col6a4a,,False,,7.6302080154418945,2.8089881870132986e-11,
18,21,ENSDARG00000052470,igfbp2a,insulin-like growth factor binding protein 2a [Source:NCBI gene (formerly Entrezgene);Acc:794176],False,,7.548801898956299,5.0140708466658656e-11,
18,22,ENSDARG00000051887,,,False,,7.4648518562316895,9.086079664862513e-11,
18,23,ENSDARG00000009534,wls,Wnt ligand secretion mediator [Source:NCBI gene (formerly Entrezgene);Acc:406420],False,,7.4459733963012695,1.0029077545152081e-10,
18,24,ENSDARG00000020781,,,False,,7.307529449462891,2.7175850994278085e-10,
18,25,ENSDARG00000017339,,,False,,7.287713527679443,3.0227068916472543e-10,
18,26,ENSDARG00000061328,cdon,"cell adhesion associated, onco regulated [Source:NCBI gene (formerly Entrezgene);Acc:280652]",False,,7.274993896484375,3.193875509226119e-10,
18,27,ENSDARG00000039576,fstl1b,follistatin-like 1b [Source:NCBI gene (formerly Entrezgene);Acc:324309],False,,7.091428756713867,1.17838766958886e-09,
18,28,ENSDARG00000029146,lrp1ab,LDL receptor related protein 1 [Source:HGNC Symbol;Acc:HGNC:6692],False,,7.057152271270752,1.4101401919845137e-09,
18,29,ENSDARG00000069912,hmga2,high mobility group AT-hook 2 [Source:NCBI gene (formerly Entrezgene);Acc:324428],True,desc:high mobility group,7.05661678314209,1.4101401919845137e-09,
18,30,ENSDARG00000037746,actb1,"actin, beta 1 [Source:NCBI gene (formerly Entrezgene);Acc:57934]",False,,7.051260948181152,1.4166536101431645e-09,
19,1,ENSDARG00000086288,scg3,secretogranin III [Source:NCBI gene (formerly Entrezgene);Acc:393730],False,,12.678339958190918,1.868826304762143e-32,
19,2,ENSDARG00000036456,anxa4,annexin A4 [Source:NCBI gene (formerly Entrezgene);Acc:353362],False,,12.534375190734863,5.802713222693018e-32,
19,3,ENSDARG00000038153,lgals2b,"lectin, galactoside-binding, soluble, 2b [Source:NCBI gene (formerly Entrezgene);Acc:393486]",False,,12.066061019897461,1.2751453265486057e-29,
19,4,ENSDARG00000009978,icn,ictacalcin [Source:NCBI gene (formerly Entrezgene);Acc:336655],False,,11.982471466064453,2.6309340062746024e-29,
19,5,ENSDARG00000056481,vat1,vesicle amine transport 1 [Source:NCBI gene (formerly Entrezgene);Acc:368752],False,,10.425151824951172,9.12565736098464e-22,
19,6,ENSDARG00000002600,pcsk1,proprotein convertase subtilisin/kexin type 1 [Source:NCBI gene (formerly Entrezgene);Acc:100005716],False,,10.177897453308105,9.942828924590137e-21,
19,7,ENSDARG00000058476,stc1l,"stanniocalcin 1, like [Source:NCBI gene (formerly Entrezgene);Acc:393511]",False,,9.883151054382324,1.6867742591068166e-19,
19,8,ENSDARG00000016081,cldn15la,claudin 15-like a [Source:NCBI gene (formerly Entrezgene);Acc:81591],False,,9.541019439697266,4.237736145172433e-18,
19,9,ENSDARG00000070425,dll4,delta-like 4 (Drosophila) [Source:NCBI gene (formerly Entrezgene);Acc:563920],False,,9.396096229553223,1.5081199283753704e-17,
19,10,ENSDARG00000058999,,,False,,9.35584545135498,1.9879289128106604e-17,
19,11,ENSDARG00000019566,neurod1,neuronal differentiation 1 [Source:NCBI gene (formerly Entrezgene);Acc:30169],False,,9.205703735351562,7.396715028761173e-17,
19,12,ENSDARG00000056653,fhl1b,four and a half LIM domains 1b [Source:NCBI gene (formerly Entrezgene);Acc:387528],False,,8.768162727355957,3.627550511830531e-15,
19,13,ENSDARG00000034187,calm1b,calmodulin 1b [Source:NCBI gene (formerly Entrezgene);Acc:368217],False,,8.588525772094727,1.6242883047273238e-14,
19,14,ENSDARG00000043342,gpx3,glutathione peroxidase 3 [Source:NCBI gene (formerly Entrezgene);Acc:798788],False,,8.546570777893066,2.0525796447115325e-14,
19,15,ENSDARG00000040747,tm4sf4,transmembrane 4 L six family member 4 [Source:NCBI gene (formerly Entrezgene);Acc:445095],False,,8.545080184936523,2.0525796447115325e-14,
19,16,ENSDARG00000038068,ddx5,DEAD (Asp-Glu-Ala-Asp) box helicase 5 [Source:NCBI gene (formerly Entrezgene);Acc:322206],False,,8.523783683776855,2.3134619206108932e-14,
19,17,ENSDARG00000053301,insm1b,insulinoma-associated 1b [Source:NCBI gene (formerly Entrezgene);Acc:323882],False,,8.494287490844727,2.808017823372476e-14,
19,18,ENSDARG00000004015,adcyap1a,adenylate cyclase activating polypeptide 1a [Source:NCBI gene (formerly Entrezgene);Acc:259257],False,,8.33552074432373,1.0274823654432817e-13,
19,19,ENSDARG00000006497,rtn1a,reticulon 1a [Source:NCBI gene (formerly Entrezgene);Acc:323706],False,,7.834410190582275,5.942651109521093e-12,
19,20,ENSDARG00000076170,pcsk1nl,"proprotein convertase subtilisin/kexin type 1 inhibitor, like [Source:NCBI gene (formerly Entrezgene);Acc:570305]",False,,7.63688325881958,2.6671751452435896e-11,
19,21,ENSDARG00000070453,gch1,GTP cyclohydrolase 1 [Source:NCBI gene (formerly Entrezgene);Acc:100192219],False,,7.497283935546875,7.436847728945333e-11,
19,22,ENSDARG00000056554,rap1gapa,RAP1 GTPase activating protein a [Source:NCBI gene (formerly Entrezgene);Acc:100144557],False,,7.476519584655762,8.315068404955772e-11,
19,23,ENSDARG00000010816,slc7a14a,solute carrier family 7 member 14a [Source:NCBI gene (formerly Entrezgene);Acc:566270],False,,7.458523750305176,9.11873531677718e-11,
19,24,ENSDARG00000019341,gpc1a,glypican 1a [Source:NCBI gene (formerly Entrezgene);Acc:553367],False,,7.360133171081543,1.7615742134615874e-10,
19,25,ENSDARG00000056929,kdm6bb,"lysine (K)-specific demethylase 6B, b [Source:NCBI gene (formerly Entrezgene);Acc:563644]",False,,7.334151268005371,2.0570980050988894e-10,
19,26,ENSDARG00000043757,ptbp3,polypyrimidine tract binding protein 3 [Source:HGNC Symbol;Acc:HGNC:10253],False,,7.30731725692749,2.4194472581868976e-10,
19,27,ENSDARG00000016676,gnao1a,"guanine nucleotide binding protein (G protein), alpha activating activity polypeptide O, a [Source:NCBI gene (formerly E",False,,7.265575885772705,3.1798989299684525e-10,
19,28,ENSDARG00000051876,ush1c,Usher syndrome 1C [Source:NCBI gene (formerly Entrezgene);Acc:564412],False,,7.257696151733398,3.254457298392203e-10,
19,29,ENSDARG00000037917,itga3a,,False,,7.240019798278809,3.58446783993561e-10,
19,30,ENSDARG00000040466,vil1,villin 1 [Source:NCBI gene (formerly Entrezgene);Acc:393207],False,,7.194977283477783,4.80902741761042e-10,
2,1,ENSDARG00000059486,cplx4b,complexin 4b [Source:NCBI gene (formerly Entrezgene);Acc:797490],False,,24.189207077026367,3.463573554827848e-125,
2,2,ENSDARG00000044441,myo7ba,myosin VIIB [Source:HGNC Symbol;Acc:HGNC:7607],False,,24.00350570678711,2.0422592409592915e-123,
2,3,ENSDARG00000060070,adcy7,adenylate cyclase 7 [Source:NCBI gene (formerly Entrezgene);Acc:568726],False,,23.809961318969727,1.5782260408898878e-121,
2,4,ENSDARG00000090943,,,False,,23.758344650268555,4.318686214398615e-121,
2,5,ENSDARG00000059634,thumpd3,THUMP domain containing 3 [Source:NCBI gene (formerly Entrezgene);Acc:561938],False,,23.66787338256836,3.0869802028104778e-120,
2,6,ENSDARG00000092077,fbxo44.10,,False,,23.609878540039062,1.044826942661012e-119,
2,7,ENSDARG00000026900,,,False,,23.376432418823242,2.224300699402809e-117,
2,8,ENSDARG00000016375,asns,asparagine synthetase [Source:NCBI gene (formerly Entrezgene);Acc:394138],False,,23.036827087402344,4.344548922537684e-114,
2,9,ENSDARG00000088325,,,False,,22.901485443115234,8.969667207208069e-113,
2,10,ENSDARG00000077631,wu:fc11c11,,False,,22.67755699157715,1.1178707557100976e-110,
2,11,ENSDARG00000080381,,,False,,22.647748947143555,2.0702045903234594e-110,
2,12,ENSDARG00000090148,,,False,,22.560937881469727,1.3965686469114305e-109,
2,13,ENSDARG00000089390,pnpla2,"patatin like domain 2, triacylglycerol lipase [Source:HGNC Symbol;Acc:HGNC:30802]",False,,22.443744659423828,1.8583509627995447e-108,
2,14,ENSDARG00000090106,slc17a7b,solute carrier family 17 member 7 [Source:HGNC Symbol;Acc:HGNC:16704],False,,22.425546646118164,2.5312092124196835e-108,
2,15,ENSDARG00000086201,,,False,,22.39244270324707,5.0807162369218745e-108,
2,16,ENSDARG00000086346,,,False,,22.222116470336914,2.096739069628194e-106,
2,17,ENSDARG00000036008,caly,calcyon neuron-specific vesicular protein [Source:NCBI gene (formerly Entrezgene);Acc:100307104],False,,22.169979095458984,6.418396644314675e-106,
2,18,ENSDARG00000063097,scube1,"signal peptide, CUB domain, EGF-like 1 [Source:NCBI gene (formerly Entrezgene);Acc:797832]",False,,21.996986389160156,2.7322513151407362e-104,
2,19,ENSDARG00000059931,hyal2a,hyaluronidase 2 [Source:HGNC Symbol;Acc:HGNC:5321],False,,21.68153953552246,2.1604733880910988e-101,
2,20,ENSDARG00000030154,pak5,p21 protein (Cdc42/Rac)-activated kinase 5 [Source:NCBI gene (formerly Entrezgene);Acc:405898],False,,21.524497985839844,5.367540608460395e-100,
2,21,ENSDARG00000058327,neu3.3,"sialidase 3 (membrane sialidase), tandem duplicate 3 [Source:NCBI gene (formerly Entrezgene);Acc:555206]",False,,21.498767852783203,9.124312455642839e-100,
2,22,ENSDARG00000055874,cpe,carboxypeptidase E [Source:NCBI gene (formerly Entrezgene);Acc:407979],False,,21.3215389251709,3.734225077222171e-98,
2,23,ENSDARG00000074925,,,False,,21.24236488342285,1.7879296488627454e-97,
2,24,ENSDARG00000074519,si:dkey-224j12.3,,False,,20.93413543701172,1.063498924806693e-94,
2,25,ENSDARG00000062077,acsbg1,acyl-CoA synthetase bubblegum family member 1 [Source:HGNC Symbol;Acc:HGNC:29567],False,,20.740537643432617,5.2609426850250815e-93,
2,26,ENSDARG00000011233,pcyt1aa,"phosphate cytidylyltransferase 1A, choline a [Source:NCBI gene (formerly Entrezgene);Acc:550327]",False,,20.705760955810547,1.0375891060814075e-92,
2,27,ENSDARG00000074602,mrvi1,"inositol 1,4,5-triphosphate receptor associated 1 [Source:HGNC Symbol;Acc:HGNC:7237]",False,,20.669416427612305,2.1739767368296595e-92,
2,28,ENSDARG00000045750,syt10,synaptotagmin X [Source:NCBI gene (formerly Entrezgene);Acc:564226],False,,20.59202003479004,1.0481909049499695e-91,
2,29,ENSDARG00000095861,si:ch1073-441p17.1,,False,,20.590450286865234,1.0682516179867774e-91,
2,30,ENSDARG00000010376,slc5a3a,solute carrier family 5 member 3a [Source:NCBI gene (formerly Entrezgene);Acc:100004287],False,,20.53533172607422,3.240688312130744e-91,
20,1,ENSDARG00000006497,rtn1a,reticulon 1a [Source:NCBI gene (formerly Entrezgene);Acc:323706],False,,10.335753440856934,1.1639405770231979e-20,
20,2,ENSDARG00000087625,olfm4.1,,False,,9.999015808105469,1.8447149359092217e-19,
20,3,ENSDARG00000060350,apoda.2,"apolipoprotein Da, duplicate 2 [Source:NCBI gene (formerly Entrezgene);Acc:100148022]",False,,9.748103141784668,1.3579550307042364e-18,
20,4,ENSDARG00000036433,,,False,,9.729090690612793,1.3579550307042364e-18,
20,5,ENSDARG00000018263,pdia2,"protein disulfide isomerase family A, member 2 [Source:NCBI gene (formerly Entrezgene);Acc:394023]",False,,9.689190864562988,1.6068157432332937e-18,
20,6,ENSDARG00000088079,tmed6,,False,,9.525307655334473,6.5738986036473944e-18,
20,7,ENSDARG00000041960,olfm4.2,,False,,9.449257850646973,1.1685103129017871e-17,
20,8,ENSDARG00000094557,nupr1b,nuclear protein 1b [Source:NCBI gene (formerly Entrezgene);Acc:799637],False,,9.3389310836792,2.915696693015393e-17,
20,9,ENSDARG00000014329,npm1a,nucleophosmin 1a [Source:NCBI gene (formerly Entrezgene);Acc:266985],False,,9.155901908874512,1.4356924284434986e-16,
20,10,ENSDARG00000058337,,,False,,9.08092212677002,2.580580276921932e-16,
20,11,ENSDARG00000042993,prss1,serine protease 1 [Source:NCBI gene (formerly Entrezgene);Acc:65223],False,,8.886645317077637,1.3724234037696774e-15,
20,12,ENSDARG00000056160,hspd1,heat shock 60 protein 1 [Source:NCBI gene (formerly Entrezgene);Acc:282676],False,,8.657958984375,9.593716624734639e-15,
20,13,ENSDARG00000020984,slc16a10,solute carrier family 16 member 10 [Source:NCBI gene (formerly Entrezgene);Acc:566499],False,,8.600653648376465,1.3586884852947025e-14,
20,14,ENSDARG00000012820,nop56,NOP56 ribonucleoprotein homolog [Source:NCBI gene (formerly Entrezgene);Acc:394196],False,,8.600519180297852,1.3586884852947025e-14,
20,15,ENSDARG00000016484,dkc1,"dyskeratosis congenita 1, dyskerin [Source:NCBI gene (formerly Entrezgene);Acc:613144]",False,,8.51389217376709,2.6876923826731416e-14,
20,16,ENSDARG00000021864,rplp1,ribosomal protein lateral stalk subunit P1 [Source:NCBI gene (formerly Entrezgene);Acc:336719],False,,8.19228458404541,3.8399049595804403e-13,
20,17,ENSDARG00000011405,rps9,ribosomal protein S9 [Source:NCBI gene (formerly Entrezgene);Acc:114420],False,,8.163631439208984,4.583900015675683e-13,
20,18,ENSDARG00000002710,ncl,nucleolin [Source:NCBI gene (formerly Entrezgene);Acc:767714],False,,8.131765365600586,5.560156981926304e-13,
20,19,ENSDARG00000044521,eef1b2,eukaryotic translation elongation factor 1 beta 2 [Source:NCBI gene (formerly Entrezgene);Acc:335370],False,,8.126811027526855,5.560156981926304e-13,
20,20,ENSDARG00000042106,mnx2a,motor neuron and pancreas homeobox 2a [Source:NCBI gene (formerly Entrezgene);Acc:406205],True,desc:homeobox,8.099631309509277,6.606839793937904e-13,
20,21,ENSDARG00000039578,pa2g4a,"proliferation-associated 2G4, a [Source:NCBI gene (formerly Entrezgene);Acc:368737]",False,,8.07740592956543,7.551605675516616e-13,
20,22,ENSDARG00000076892,,,False,,8.057991027832031,8.450336190392076e-13,
20,23,ENSDARG00000055381,bambia,BMP and activin membrane-bound inhibitor (Xenopus laevis) homolog a [Source:NCBI gene (formerly Entrezgene);Acc:83496],False,,8.049422264099121,8.501214808176228e-13,
20,24,ENSDARG00000043509,rpl11,ribosomal protein L11 [Source:NCBI gene (formerly Entrezgene);Acc:415229],False,,8.046610832214355,8.501214808176228e-13,
20,25,ENSDARG00000042931,,,False,,7.950610160827637,1.7794841802152758e-12,
20,26,ENSDARG00000018351,hpda,4-hydroxyphenylpyruvate dioxygenase a [Source:NCBI gene (formerly Entrezgene);Acc:394142],False,,7.723262310028076,1.04536194794825e-11,
20,27,ENSDARG00000053912,fbl,fibrillarin [Source:NCBI gene (formerly Entrezgene);Acc:406275],False,,7.702643394470215,1.1832307978779716e-11,
20,28,ENSDARG00000055158,prox1a,prospero homeobox 1a [Source:NCBI gene (formerly Entrezgene);Acc:30679],True,desc:homeobox,7.681086540222168,1.3504067525744981e-11,
20,29,ENSDARG00000051783,rplp0,"ribosomal protein, large, P0 [Source:NCBI gene (formerly Entrezgene);Acc:58101]",False,,7.676132678985596,1.3552408390963341e-11,
20,30,ENSDARG00000042556,,,False,,7.626459121704102,1.9279040287041106e-11,
21,1,ENSDARG00000006137,star,steroidogenic acute regulatory protein [Source:NCBI gene (formerly Entrezgene);Acc:63999],False,,10.845210075378418,8.161364212548921e-24,
21,2,ENSDARG00000042014,cyp11c1,"cytochrome P450, family 11, subfamily C, polypeptide 1 [Source:NCBI gene (formerly Entrezgene);Acc:791124]",False,,10.845210075378418,8.161364212548921e-24,
21,3,ENSDARG00000069926,hsd3b1,"hydroxy-delta-5-steroid dehydrogenase, 3 beta- and steroid delta-isomerase 1 [Source:NCBI gene (formerly Entrezgene);Acc",False,,10.843603134155273,8.161364212548921e-24,
21,4,ENSDARG00000092696,cyp11a1.2,cytochrome P450 family 11 subfamily A member 1 [Source:HGNC Symbol;Acc:HGNC:2590],False,,10.84253215789795,8.161364212548921e-24,
21,5,ENSDARG00000038956,fdx1b,ferredoxin 1b [Source:NCBI gene (formerly Entrezgene);Acc:562135],False,,10.840658187866211,8.161364212548921e-24,
21,6,ENSDARG00000091992,mrap,,False,,10.838248252868652,8.161364212548921e-24,
21,7,ENSDARG00000037550,cyp21a2,,False,,10.833695411682129,8.161364212548921e-24,
21,8,ENSDARG00000076689,gramd1a,,False,,10.465494155883789,3.728106138141895e-22,
21,9,ENSDARG00000062631,npffr1l2,neuropeptide FF receptor 1 like 2 [Source:NCBI gene (formerly Entrezgene);Acc:570189],False,,10.363469123840332,9.6821284573559e-22,
21,10,ENSDARG00000011600,epha4b,eph receptor A4b [Source:NCBI gene (formerly Entrezgene);Acc:64270],False,,10.280054092407227,2.0776886627485255e-21,
21,11,ENSDARG00000087592,si:dkey-14o1.14,,False,,10.237610816955566,2.9312525425083583e-21,
21,12,ENSDARG00000059035,porb,P450 (cytochrome) oxidoreductase b [Source:NCBI gene (formerly Entrezgene);Acc:327556],False,,10.198246955871582,4.032634730061834e-21,
21,13,ENSDARG00000023694,spon1b,spondin 1b [Source:NCBI gene (formerly Entrezgene);Acc:58029],False,,10.128890991210938,7.583519496454118e-21,
21,14,ENSDARG00000056160,hspd1,heat shock 60 protein 1 [Source:NCBI gene (formerly Entrezgene);Acc:282676],False,,9.971434593200684,3.4802985531135943e-20,
21,15,ENSDARG00000089134,,,False,,9.87315845489502,8.696887960008206e-20,
21,16,ENSDARG00000056167,hspe1,heat shock 10 protein 1 [Source:NCBI gene (formerly Entrezgene);Acc:58041],False,,9.822681427001953,1.3471092512105711e-19,
21,17,ENSDARG00000038006,osr2,odd-skipped related transciption factor 2 [Source:NCBI gene (formerly Entrezgene);Acc:550389],False,,9.662948608398438,6.10829477918175e-19,
21,18,ENSDARG00000023362,nr5a1b,"nuclear receptor subfamily 5, group A, member 1b [Source:NCBI gene (formerly Entrezgene);Acc:405759]",True,desc:nuclear receptor,9.65705680847168,6.110422525835493e-19,
21,19,ENSDARG00000055283,id2a,inhibitor of DNA binding 2a [Source:NCBI gene (formerly Entrezgene);Acc:266599],False,,9.651165962219238,6.131264668423707e-19,
21,20,ENSDARG00000024746,hsp90aa1.2,"heat shock protein 90, alpha (cytosolic), class A member 1, tandem duplicate 2 [Source:NCBI gene (formerly Entrezgene);A",False,,9.503082275390625,2.4421620452531395e-18,
21,21,ENSDARG00000001975,hsd11b2,hydroxysteroid (11-beta) dehydrogenase 2 [Source:NCBI gene (formerly Entrezgene);Acc:334098],False,,9.371868133544922,8.13378896189793e-18,
21,22,ENSDARG00000095268,cd34,,False,,9.322864532470703,1.2338158271535732e-17,
21,23,ENSDARG00000076223,SERP1,zgc:92744 [Source:NCBI gene (formerly Entrezgene);Acc:436846],False,,9.107834815979004,8.758713211136343e-17,
21,24,ENSDARG00000092259,si:dkey-211g8.5,,False,,8.984654426574707,2.5922467529584216e-16,
21,25,ENSDARG00000055723,hsp70l,"heat shock cognate 70-kd protein, like [Source:NCBI gene (formerly Entrezgene);Acc:560210]",False,,8.81380844116211,1.1598067298281196e-15,
21,26,ENSDARG00000068992,hspa8,heat shock protein 8 [Source:NCBI gene (formerly Entrezgene);Acc:573376],False,,8.791583061218262,1.3595378794260114e-15,
21,27,ENSDARG00000091395,,,False,,8.775650024414062,1.5085129393351723e-15,
21,28,ENSDARG00000052695,nr2f1a,"nuclear receptor subfamily 2, group F, member 1a [Source:NCBI gene (formerly Entrezgene);Acc:30418]",True,desc:nuclear receptor,8.53102970123291,1.2417364517350589e-14,
21,29,ENSDARG00000092362,hsp70.2,"heat shock cognate 70-kd protein, tandem duplicate 2 [Source:NCBI gene (formerly Entrezgene);Acc:100535101]",False,,8.455514907836914,2.296640496991303e-14,
21,30,ENSDARG00000021059,alas1,"aminolevulinate, delta-, synthase 1 [Source:NCBI gene (formerly Entrezgene);Acc:64608]",False,,8.213438987731934,1.7173822001791393e-13,
22,1,ENSDARG00000089334,ednrba,endothelin receptor Ba [Source:NCBI gene (formerly Entrezgene);Acc:30442],False,,6.173824310302734,1.597785291914373e-05,
22,2,ENSDARG00000002131,celf2,"cugbp, Elav-like family member 2 [Source:NCBI gene (formerly Entrezgene);Acc:373117]",False,,6.024054527282715,1.661773714919201e-05,
22,3,ENSDARG00000060345,apoda.1,"apolipoprotein Da, duplicate 1 [Source:NCBI gene (formerly Entrezgene);Acc:767642]",False,,5.991447448730469,1.661773714919201e-05,
22,4,ENSDARG00000033539,paics,"phosphoribosylaminoimidazole carboxylase, phosphoribosylaminoimidazole succinocarboxamide synthetase [Source:NCBI gene (",False,,5.820539474487305,3.515081515484383e-05,
22,5,ENSDARG00000075161,defbl1,"defensin, beta-like 1 [Source:NCBI gene (formerly Entrezgene);Acc:100009619]",False,,5.532469749450684,0.00015137208928424725,
22,6,ENSDARG00000055172,si:ch211-256m1.8,,False,,5.493340492248535,0.00015756318062841982,
22,7,ENSDARG00000088332,alx4a,ALX homeobox 4 [Source:HGNC Symbol;Acc:HGNC:450],True,desc:homeobox,5.461407661437988,0.00016175414367811163,
22,8,ENSDARG00000079848,gmps,guanine monophosphate synthase [Source:NCBI gene (formerly Entrezgene);Acc:393559],False,,5.236978530883789,0.0004849927529959539,
22,9,ENSDARG00000029402,sort1a,sortilin 1a [Source:NCBI gene (formerly Entrezgene);Acc:406511],False,,5.216739654541016,0.0004849927529959539,
22,10,ENSDARG00000028335,hmga1a,high mobility group AT-hook 1a [Source:NCBI gene (formerly Entrezgene);Acc:406447],True,desc:high mobility group,5.049429893493652,0.0009576826186686574,
22,11,ENSDARG00000062688,gpnmb,glycoprotein nmb [Source:HGNC Symbol;Acc:HGNC:4462],False,,5.045156955718994,0.0009576826186686574,
22,12,ENSDARG00000057575,pnp4a,purine nucleoside phosphorylase 4a [Source:NCBI gene (formerly Entrezgene);Acc:415192],False,,5.03436279296875,0.0009576826186686574,
22,13,ENSDARG00000008423,,,False,,4.812182426452637,0.0027526935176522996,
22,14,ENSDARG00000057698,ctsd,cathepsin D [Source:NCBI gene (formerly Entrezgene);Acc:65225],False,,4.725604057312012,0.003928205119511575,
22,15,ENSDARG00000029894,slc2a15a,solute carrier family 2 member 15a [Source:NCBI gene (formerly Entrezgene);Acc:394245],False,,4.447204113006592,0.013901820125338067,
22,16,ENSDARG00000018178,pgm2,phosphoglucomutase 2 [Source:NCBI gene (formerly Entrezgene);Acc:405822],False,,4.359951019287109,0.018608614986944935,
22,17,ENSDARG00000007369,tcf7l1b,transcription factor 7 like 1b [Source:NCBI gene (formerly Entrezgene);Acc:30556],True,desc:transcription factor,4.356802940368652,0.018608614986944935,
22,18,ENSDARG00000002731,sdc2,syndecan 2 [Source:NCBI gene (formerly Entrezgene);Acc:282667],False,,4.338587760925293,0.01909626400667759,
22,19,ENSDARG00000092807,si:dkey-151g10.6,si:dkey-151g10.6 [Source:NCBI gene (formerly Entrezgene);Acc:335588],False,,4.20343542098999,0.03316615716555038,
22,20,ENSDARG00000042049,,,False,,4.181847095489502,0.03329954954720566,
22,21,ENSDARG00000029394,,,False,,4.179823398590088,0.03329954954720566,
22,22,ENSDARG00000074528,prtfdc1a,,False,,4.14429235458374,0.035558889514018775,
22,23,ENSDARG00000075629,ifi30b,,False,,4.144067764282227,0.035558889514018775,
22,24,ENSDARG00000077467,sox10,SRY-box transcription factor 10 [Source:NCBI gene (formerly Entrezgene);Acc:140616],True,desc:transcription factor,4.095943450927734,0.041992698122696834,
22,25,ENSDARG00000009689,daam1b,dishevelled associated activator of morphosis 1b [Source:NCBI gene (formerly Entrezgene);Acc:560060],False,,4.061761856079102,0.04669714927004992,
22,26,ENSDARG00000078748,si:ch211-137a8.4,,False,,4.019484519958496,0.053771699830650416,
22,27,ENSDARG00000055283,id2a,inhibitor of DNA binding 2a [Source:NCBI gene (formerly Entrezgene);Acc:266599],False,,3.9173896312713623,0.07662952151158522,
22,28,ENSDARG00000016706,atic,5-aminoimidazole-4-carboxamide ribonucleotide formyltransferase/IMP cyclohydrolase [Source:NCBI gene (formerly Entrezgen,False,,3.8730885982513428,0.08882519566655545,
22,29,ENSDARG00000021124,cfl1,cofilin 1 [Source:NCBI gene (formerly Entrezgene);Acc:321496],False,,3.7001566886901855,0.16928165517805197,
22,30,ENSDARG00000015890,mafa,MAF bZIP transcription factor a [Source:NCBI gene (formerly Entrezgene);Acc:114467],True,desc:transcription factor,3.66664981842041,0.18408139991605107,
3,1,ENSDARG00000062262,ednrab,endothelin receptor type Ab [Source:NCBI gene (formerly Entrezgene);Acc:405866],False,,14.046707153320312,1.934380744898757e-40,
3,2,ENSDARG00000077467,sox10,SRY-box transcription factor 10 [Source:NCBI gene (formerly Entrezgene);Acc:140616],True,desc:transcription factor,13.78654956817627,3.680611896271823e-39,
3,3,ENSDARG00000035715,marcksl1b,MARCKS-like 1b [Source:NCBI gene (formerly Entrezgene);Acc:406504],False,,13.599360466003418,3.227548491484805e-38,
3,4,ENSDARG00000044462,,,False,,12.798426628112793,1.0025828766614585e-33,
3,5,ENSDARG00000062338,zeb2a,zinc finger E-box binding homeobox 2a [Source:NCBI gene (formerly Entrezgene);Acc:100003889],True,desc:homeobox,12.184188842773438,1.809214220872239e-30,
3,6,ENSDARG00000023290,fabp3,"fatty acid binding protein 3, muscle and heart [Source:NCBI gene (formerly Entrezgene);Acc:171478]",False,,11.5357666015625,3.479962289809413e-27,
3,7,ENSDARG00000078473,nucks1a,nuclear casein kinase and cyclin-dependent kinase substrate 1a [Source:NCBI gene (formerly Entrezgene);Acc:447862],False,,11.491804122924805,4.966944781988109e-27,
3,8,ENSDARG00000020242,fermt2,FERM domain containing kindlin 2 [Source:NCBI gene (formerly Entrezgene);Acc:553051],False,,11.374955177307129,1.6698567402802885e-26,
3,9,ENSDARG00000052856,khdrbs1a,"KH domain containing, RNA binding, signal transduction associated 1a [Source:NCBI gene (formerly Entrezgene);Acc:30082]",False,,11.142407417297363,2.076934120255897e-25,
3,10,ENSDARG00000014522,cdh6,cadherin 6 [Source:NCBI gene (formerly Entrezgene);Acc:541393],False,,11.108880996704102,2.7223645748872512e-25,
3,11,ENSDARG00000079317,dlc1,DLC1 Rho GTPase activating protein [Source:HGNC Symbol;Acc:HGNC:2897],False,,11.081435203552246,3.364026329881451e-25,
3,12,ENSDARG00000061478,igf2bp1,insulin-like growth factor 2 mRNA binding protein 1 [Source:NCBI gene (formerly Entrezgene);Acc:558182],False,,11.060070991516113,3.9139665486842753e-25,
3,13,ENSDARG00000042049,,,False,,11.022682189941406,5.477567258393826e-25,
3,14,ENSDARG00000026218,,,False,,10.791202545166016,6.485591961266275e-24,
3,15,ENSDARG00000036993,erbb3b,erb-b2 receptor tyrosine kinase 3b [Source:NCBI gene (formerly Entrezgene);Acc:544664],False,,10.70253849029541,1.5824568245445538e-23,
3,16,ENSDARG00000006487,anp32a,"acidic (leucine-rich) nuclear phosphoprotein 32 family, member A [Source:NCBI gene (formerly Entrezgene);Acc:335907]",False,,10.498997688293457,1.3078948490484413e-22,
3,17,ENSDARG00000092807,si:dkey-151g10.6,si:dkey-151g10.6 [Source:NCBI gene (formerly Entrezgene);Acc:335588],False,,10.42849349975586,2.591272522148959e-22,
3,18,ENSDARG00000032724,,,False,,10.222898483276367,2.085219372271069e-21,
3,19,ENSDARG00000033172,nr2f5,"nuclear receptor subfamily 2, group F, member 5 [Source:NCBI gene (formerly Entrezgene);Acc:30427]",True,desc:nuclear receptor,10.146971702575684,4.31215881133781e-21,
3,20,ENSDARG00000008803,marcksb,myristoylated alanine-rich protein kinase C substrate b [Source:NCBI gene (formerly Entrezgene);Acc:323201],False,,10.040311813354492,1.2147210020305453e-20,
3,21,ENSDARG00000059279,tfap2a,transcription factor AP-2 alpha [Source:NCBI gene (formerly Entrezgene);Acc:140618],True,desc:transcription factor,9.838578224182129,8.764811542449618e-20,
3,22,ENSDARG00000028335,hmga1a,high mobility group AT-hook 1a [Source:NCBI gene (formerly Entrezgene);Acc:406447],True,desc:high mobility group,9.755830764770508,1.8976444420165496e-19,
3,23,ENSDARG00000040184,syncrip,"synaptotagmin binding, cytoplasmic RNA interacting protein [Source:NCBI gene (formerly Entrezgene);Acc:326663]",False,,9.663305282592773,4.499143378998304e-19,
3,24,ENSDARG00000036161,hnrnpa0l,"heteroous nuclear ribonucleoprotein A0, like [Source:NCBI gene (formerly Entrezgene);Acc:321899]",False,,9.597731590270996,8.16212087232374e-19,
3,25,ENSDARG00000070212,,,False,,9.537909507751465,1.397354495084757e-18,
3,26,ENSDARG00000039034,marcksl1a,MARCKS-like 1a [Source:NCBI gene (formerly Entrezgene);Acc:406407],False,,9.457956314086914,2.8950315483422287e-18,
3,27,ENSDARG00000008107,src,v-src avian sarcoma (Schmidt-Ruppin A-2) viral onco homolog [Source:NCBI gene (formerly Entrezgene);Acc:325084],False,,9.451793670654297,2.956964920936045e-18,
3,28,ENSDARG00000002131,celf2,"cugbp, Elav-like family member 2 [Source:NCBI gene (formerly Entrezgene);Acc:373117]",False,,9.417938232421875,3.93820515694374e-18,
3,29,ENSDARG00000058128,msna,moesin a [Source:NCBI gene (formerly Entrezgene);Acc:286739],False,,9.382275581359863,5.33655550913732e-18,
3,30,ENSDARG00000095201,,,False,,9.368963241577148,5.852539140732378e-18,
4,1,ENSDARG00000013730,slc4a4a,solute carrier family 4 member 4a [Source:NCBI gene (formerly Entrezgene);Acc:568631],False,,24.20166778564453,5.121338500541427e-125,proximal_tubule (37%)
4,2,ENSDARG00000028173,slc4a2a,solute carrier family 4 member 2a [Source:NCBI gene (formerly Entrezgene);Acc:566075],False,,22.50812530517578,4.141725976847612e-108,proximal_tubule (37%)
4,3,ENSDARG00000089749,aqp8b,aquaporin 8b [Source:NCBI gene (formerly Entrezgene);Acc:555598],False,,21.687946319580078,2.1303688875560496e-100,proximal_tubule (37%)
4,4,ENSDARG00000060649,,,False,,21.433218002319336,3.924741226218846e-98,proximal_tubule (37%)
4,5,ENSDARG00000093549,selenop,selenoprotein P [Source:NCBI gene (formerly Entrezgene);Acc:352931],False,,21.355823516845703,1.6503340489443274e-97,proximal_tubule (37%)
4,6,ENSDARG00000056331,ahcyl1,adenosylhomocysteinase-like 1 [Source:NCBI gene (formerly Entrezgene);Acc:798918],False,,20.96369171142578,5.622534657632076e-94,proximal_tubule (37%)
4,7,ENSDARG00000005525,acy3.2,"aspartoacylase (aminocyclase) 3, tandem duplicate 2 [Source:NCBI gene (formerly Entrezgene);Acc:436619]",False,,20.715503692626953,8.597377094446271e-92,proximal_tubule (37%)
4,8,ENSDARG00000022682,,,False,,20.582746505737305,1.1740662583771346e-90,proximal_tubule (37%)
4,9,ENSDARG00000071052,si:dkey-150i13.2,,False,,19.802610397338867,7.528055757624337e-84,proximal_tubule (37%)
4,10,ENSDARG00000005176,zgc:101040,zgc:101040 [Source:NCBI gene (formerly Entrezgene);Acc:445194],False,,19.295907974243164,1.3934838722747996e-79,proximal_tubule (37%)
4,11,ENSDARG00000040874,add3a,adducin 3 (gamma) a [Source:NCBI gene (formerly Entrezgene);Acc:556762],False,,19.18541145324707,1.0678640032769455e-78,proximal_tubule (37%)
4,12,ENSDARG00000015512,,,False,,18.787368774414062,1.9138604899523163e-75,proximal_tubule (37%)
4,13,ENSDARG00000020944,ezra,ezrin a [Source:NCBI gene (formerly Entrezgene);Acc:403009],False,,18.701370239257812,8.896420089662182e-75,proximal_tubule (37%)
4,14,ENSDARG00000053684,aldob,"aldolase b, fructose-bisphosphate [Source:NCBI gene (formerly Entrezgene);Acc:321664]",False,,18.50383949279785,3.291975685454069e-73,proximal_tubule (37%)
4,15,ENSDARG00000014488,ca2,carbonic anhydrase II [Source:NCBI gene (formerly Entrezgene);Acc:387526],False,,18.488924026489258,4.051951717213359e-73,proximal_tubule (37%)
4,16,ENSDARG00000031761,dab2,DAB adaptor protein 2 [Source:NCBI gene (formerly Entrezgene);Acc:404040],False,,18.434249877929688,1.0454039553986963e-72,proximal_tubule (37%)
4,17,ENSDARG00000079985,nrip2,nuclear receptor interacting protein 2 [Source:NCBI gene (formerly Entrezgene);Acc:565865],True,desc:nuclear receptor,18.096275329589844,4.807560060462596e-70,proximal_tubule (37%)
4,18,ENSDARG00000022261,pdzk1,PDZ domain containing 1 [Source:NCBI gene (formerly Entrezgene);Acc:337325],False,,17.745162963867188,2.501602006924155e-67,proximal_tubule (37%)
4,19,ENSDARG00000029832,slc26a1,solute carrier family 26 member 1 [Source:NCBI gene (formerly Entrezgene);Acc:791185],False,,17.688594818115234,6.476929939942863e-67,proximal_tubule (37%)
4,20,ENSDARG00000013144,atp1b1a,ATPase Na+/K+ transporting subunit beta 1a [Source:NCBI gene (formerly Entrezgene);Acc:64267],False,,17.536216735839844,9.085773586502674e-66,proximal_tubule (37%)
4,21,ENSDARG00000061985,rbm47,RNA binding motif protein 47 [Source:NCBI gene (formerly Entrezgene);Acc:562991],False,,17.392444610595703,1.0380152110802208e-64,proximal_tubule (37%)
4,22,ENSDARG00000001870,atp1a1a.4,"ATPase Na+/K+ transporting subunit alpha 1a, tandem duplicate 4 [Source:NCBI gene (formerly Entrezgene);Acc:64615]",False,,17.391756057739258,1.0380152110802208e-64,proximal_tubule (37%)
4,23,ENSDARG00000025522,sgk1,serum/glucocorticoid regulated kinase 1 [Source:NCBI gene (formerly Entrezgene);Acc:324140],False,,17.07965660095215,2.192265424450858e-62,proximal_tubule (37%)
4,24,ENSDARG00000095767,dio3b,iodothyronine deiodinase 3b [Source:NCBI gene (formerly Entrezgene);Acc:798872],False,,16.782129287719727,3.2938693305521955e-60,proximal_tubule (37%)
4,25,ENSDARG00000061120,slc43a2b,solute carrier family 43 member 2b [Source:NCBI gene (formerly Entrezgene);Acc:494042],False,,16.285293579101562,1.2035385966580718e-56,proximal_tubule (37%)
4,26,ENSDARG00000019986,grhprb,glyoxylate reductase/hydroxypyruvate reductase b [Source:NCBI gene (formerly Entrezgene);Acc:402985],False,,16.239912033081055,2.427405510653668e-56,proximal_tubule (37%)
4,27,ENSDARG00000002791,atp1a1a.1,"ATPase Na+/K+ transporting subunit alpha 1a, tandem duplicate 1 [Source:NCBI gene (formerly Entrezgene);Acc:64612]",False,,16.186269760131836,5.5961082705215175e-56,proximal_tubule (37%)
4,28,ENSDARG00000055835,,,False,,16.10308265686035,2.0777412863530667e-55,proximal_tubule (37%)
4,29,ENSDARG00000032849,ndrg1a,N-myc downstream regulated 1a [Source:NCBI gene (formerly Entrezgene);Acc:792085],False,,16.04628562927246,5.0163336758109334e-55,proximal_tubule (37%)
4,30,ENSDARG00000005112,cdh17,"cadherin 17, LI cadherin (liver-intestine) [Source:NCBI gene (formerly Entrezgene);Acc:378452]",False,,15.98277473449707,1.3461259622516706e-54,proximal_tubule (37%)
5,1,ENSDARG00000061399,,,False,,11.588844299316406,1.1252138096354929e-26,
5,2,ENSDARG00000045269,pts,6-pyruvoyltetrahydropterin synthase [Source:HGNC Symbol;Acc:HGNC:9689],False,,11.05109977722168,2.595300392507686e-24,
5,3,ENSDARG00000063264,pcdh9,protocadherin 9 [Source:HGNC Symbol;Acc:HGNC:8661],False,,10.717267990112305,6.748475681481465e-23,
5,4,ENSDARG00000079848,gmps,guanine monophosphate synthase [Source:NCBI gene (formerly Entrezgene);Acc:393559],False,,10.636964797973633,1.2018311005274689e-22,
5,5,ENSDARG00000003732,mitfa,melanocyte inducing transcription factor a [Source:NCBI gene (formerly Entrezgene);Acc:30080],True,desc:transcription factor,10.577201843261719,1.8223979890806886e-22,
5,6,ENSDARG00000062338,zeb2a,zinc finger E-box binding homeobox 2a [Source:NCBI gene (formerly Entrezgene);Acc:100003889],True,desc:homeobox,10.377001762390137,1.2605396070970078e-21,
5,7,ENSDARG00000006215,akr1b1.1,"aldo-keto reductase family 1, member B1 (aldose reductase), tandem duplicate 1 [Source:NCBI gene (formerly Entrezgene);A",False,,10.33901596069336,1.30156315803051e-21,
5,8,ENSDARG00000024540,tspan36,tetraspanin 36 [Source:NCBI gene (formerly Entrezgene);Acc:437021],False,,10.338644027709961,1.30156315803051e-21,
5,9,ENSDARG00000035598,coro1ca,"coronin, actin binding protein, 1Ca [Source:NCBI gene (formerly Entrezgene);Acc:317741]",False,,10.330972671508789,1.30156315803051e-21,
5,10,ENSDARG00000063288,slc2a11b,solute carrier family 2 member 11b [Source:NCBI gene (formerly Entrezgene);Acc:564970],False,,10.325034141540527,1.30156315803051e-21,
5,11,ENSDARG00000077467,sox10,SRY-box transcription factor 10 [Source:NCBI gene (formerly Entrezgene);Acc:140616],True,desc:transcription factor,10.31513500213623,1.311737552104456e-21,
5,12,ENSDARG00000028776,,,False,,10.070638656616211,1.4663688699293865e-20,
5,13,ENSDARG00000035715,marcksl1b,MARCKS-like 1b [Source:NCBI gene (formerly Entrezgene);Acc:406504],False,,10.064204216003418,1.4663688699293865e-20,
5,14,ENSDARG00000029663,rab1ab,"RAB1A, member RAS onco family b [Source:NCBI gene (formerly Entrezgene);Acc:368883]",False,,10.015701293945312,2.2264146456596808e-20,
5,15,ENSDARG00000045601,cax1,cation/H+ exchanger protein 1 [Source:NCBI gene (formerly Entrezgene);Acc:560283],False,,9.85385799407959,1.0540760521082208e-19,
5,16,ENSDARG00000089334,ednrba,endothelin receptor Ba [Source:NCBI gene (formerly Entrezgene);Acc:30442],False,,9.639057159423828,7.861108640836702e-19,
5,17,ENSDARG00000040190,qdpra,quinoid dihydropteridine reductase a [Source:NCBI gene (formerly Entrezgene);Acc:566323],False,,9.637077331542969,7.861108640836702e-19,
5,18,ENSDARG00000008413,atp11a,ATPase phospholipid transporting 11A [Source:HGNC Symbol;Acc:HGNC:13552],False,,9.51124095916748,2.5088760753472944e-18,
5,19,ENSDARG00000054274,,,False,,9.328487396240234,1.3548430495953625e-17,
5,20,ENSDARG00000055115,dtnbp1a,dystrobrevin binding protein 1a [Source:NCBI gene (formerly Entrezgene);Acc:394109],False,,9.287778854370117,1.888131020476314e-17,
5,21,ENSDARG00000059120,,,False,,9.173944473266602,5.2051360399011113e-17,
5,22,ENSDARG00000077653,rabl6b,"RAB, member RAS oncogene family like 6 [Source:HGNC Symbol;Acc:HGNC:24703]",False,,9.151796340942383,6.100861058962434e-17,
5,23,ENSDARG00000079757,,,False,,9.009008407592773,2.1669717974184977e-16,
5,24,ENSDARG00000020242,fermt2,FERM domain containing kindlin 2 [Source:NCBI gene (formerly Entrezgene);Acc:553051],False,,8.933530807495117,4.1210729067330516e-16,
5,25,ENSDARG00000029036,rab32a,"RAB32a, member RAS onco family [Source:NCBI gene (formerly Entrezgene);Acc:378969]",False,,8.897895812988281,5.457039166679536e-16,
5,26,ENSDARG00000071424,ap3d1,adaptor related protein complex 3 subunit delta 1 [Source:NCBI gene (formerly Entrezgene);Acc:563359],False,,8.871417045593262,6.658209737523484e-16,
5,27,ENSDARG00000024276,pcbp4,poly(rC) binding protein 4 [Source:NCBI gene (formerly Entrezgene);Acc:406391],False,,8.865230560302734,6.777826570400551e-16,
5,28,ENSDARG00000019231,sptan1,"spectrin alpha, non-erythrocytic 1 [Source:NCBI gene (formerly Entrezgene);Acc:553383]",False,,8.748921394348145,1.8439926679618648e-15,
5,29,ENSDARG00000095201,,,False,,8.718482971191406,2.330494651393127e-15,
5,30,ENSDARG00000040532,,,False,,8.684951782226562,3.027447805676816e-15,
6,1,ENSDARG00000087956,she,,False,,7.716137886047363,2.874180170711042e-10,podocyte_transition (23%)
6,2,ENSDARG00000039034,marcksl1a,MARCKS-like 1a [Source:NCBI gene (formerly Entrezgene);Acc:406407],False,,7.560173034667969,4.824363811153435e-10,podocyte_transition (23%)
6,3,ENSDARG00000075549,cdh5,cadherin 5 [Source:NCBI gene (formerly Entrezgene);Acc:445471],False,,7.498982906341553,5.138769856180095e-10,podocyte_transition (23%)
6,4,ENSDARG00000045748,stab2,stabilin 2 [Source:NCBI gene (formerly Entrezgene);Acc:565194],False,,7.1073994636535645,7.086111455124542e-09,podocyte_transition (23%)
6,5,ENSDARG00000076484,stab1,stabilin 1 [Source:NCBI gene (formerly Entrezgene);Acc:570626],False,,6.907651901245117,2.362202691622707e-08,podocyte_transition (23%)
6,6,ENSDARG00000058128,msna,moesin a [Source:NCBI gene (formerly Entrezgene);Acc:286739],False,,6.715289115905762,6.052717139305126e-08,podocyte_transition (23%)
6,7,ENSDARG00000033466,tagln2,transgelin 2 [Source:NCBI gene (formerly Entrezgene);Acc:259183],False,,6.714937210083008,6.052717139305126e-08,podocyte_transition (23%)
6,8,ENSDARG00000023963,tpm4a,tropomyosin 4a [Source:NCBI gene (formerly Entrezgene);Acc:406437],False,,6.704563140869141,6.052717139305126e-08,podocyte_transition (23%)
6,9,ENSDARG00000056453,afap1l1b,actin filament associated protein 1-like 1b [Source:NCBI gene (formerly Entrezgene);Acc:768144],False,,6.653571128845215,7.618872437001917e-08,podocyte_transition (23%)
6,10,ENSDARG00000031761,dab2,DAB adaptor protein 2 [Source:NCBI gene (formerly Entrezgene);Acc:404040],False,,6.4666595458984375,2.401630674735301e-07,podocyte_transition (23%)
6,11,ENSDARG00000073928,,,False,,6.418128967285156,2.856128510154553e-07,podocyte_transition (23%)
6,12,ENSDARG00000056481,vat1,vesicle amine transport 1 [Source:NCBI gene (formerly Entrezgene);Acc:368752],False,,6.412678241729736,2.856128510154553e-07,podocyte_transition (23%)
6,13,ENSDARG00000053868,etsrp,ETS1-related protein [Source:NCBI gene (formerly Entrezgene);Acc:555766],False,,6.393863677978516,2.9823364457191784e-07,podocyte_transition (23%)
6,14,ENSDARG00000028533,macf1a,,False,,6.378918170928955,3.053495635692597e-07,podocyte_transition (23%)
6,15,ENSDARG00000070391,tspan4b,tetraspanin 4b [Source:NCBI gene (formerly Entrezgene);Acc:556934],False,,6.246338844299316,6.714555963087751e-07,podocyte_transition (23%)
6,16,ENSDARG00000095268,cd34,,False,,6.200622081756592,8.425523113440721e-07,podocyte_transition (23%)
6,17,ENSDARG00000077777,tmsb4x,thymosin beta 4 X-linked [Source:NCBI gene (formerly Entrezgene);Acc:793949],False,,6.190775394439697,8.441532402183693e-07,podocyte_transition (23%)
6,18,ENSDARG00000036462,rab11fip1b,,False,,6.175302028656006,8.793952696715618e-07,podocyte_transition (23%)
6,19,ENSDARG00000044462,,,False,,5.9825873374938965,2.770687283726972e-06,podocyte_transition (23%)
6,20,ENSDARG00000005368,mcamb,melanoma cell adhesion molecule b [Source:NCBI gene (formerly Entrezgene);Acc:338313],False,,5.932122707366943,3.584025131286058e-06,podocyte_transition (23%)
6,21,ENSDARG00000039729,asap1b,"ArfGAP with SH3 domain, ankyrin repeat and PH domain 1 [Source:HGNC Symbol;Acc:HGNC:2720]",False,,5.829259872436523,6.354761095432329e-06,podocyte_transition (23%)
6,22,ENSDARG00000039150,lgmn,legumain [Source:NCBI gene (formerly Entrezgene);Acc:406625],False,,5.795851230621338,7.40623552231617e-06,podocyte_transition (23%)
6,23,ENSDARG00000061794,jam3b,junctional adhesion molecule 3b [Source:NCBI gene (formerly Entrezgene);Acc:569217],False,,5.7642011642456055,8.55056964143756e-06,podocyte_transition (23%)
6,24,ENSDARG00000026751,,,False,,5.727275848388672,1.0192852398924467e-05,podocyte_transition (23%)
6,25,ENSDARG00000074829,rasip1,Ras interacting protein 1 [Source:NCBI gene (formerly Entrezgene);Acc:102725533],False,,5.689647197723389,1.2205712508279867e-05,podocyte_transition (23%)
6,26,ENSDARG00000055678,akap12b,A kinase (PRKA) anchor protein 12b [Source:NCBI gene (formerly Entrezgene);Acc:567365],False,,5.566915035247803,2.3904428478457915e-05,podocyte_transition (23%)
6,27,ENSDARG00000020521,exoc6,exocyst complex component 6 [Source:NCBI gene (formerly Entrezgene);Acc:406591],False,,5.362771511077881,7.275757328586674e-05,podocyte_transition (23%)
6,28,ENSDARG00000019307,dusp5,dual specificity phosphatase 5 [Source:NCBI gene (formerly Entrezgene);Acc:114436],False,,5.301580905914307,9.801377354153443e-05,podocyte_transition (23%)
6,29,ENSDARG00000088091,pfn1,profilin 1 [Source:NCBI gene (formerly Entrezgene);Acc:799355],False,,5.292261600494385,9.801377354153443e-05,podocyte_transition (23%)
6,30,ENSDARG00000077285,scarf1,scavenger receptor class F member 1 [Source:HGNC Symbol;Acc:HGNC:16820],False,,5.285580158233643,9.801377354153443e-05,podocyte_transition (23%)
7,1,ENSDARG00000071601,pvalb9,parvalbumin 9 [Source:NCBI gene (formerly Entrezgene);Acc:360209],False,,10.718756675720215,1.992228460216949e-22,proximal_tubule (52%)
7,2,ENSDARG00000043443,kcnj13,potassium inwardly rectifying channel subfamily J member 13 [Source:NCBI gene (formerly Entrezgene);Acc:555691],False,,10.583813667297363,4.245572437133351e-22,proximal_tubule (52%)
7,3,ENSDARG00000093549,selenop,selenoprotein P [Source:NCBI gene (formerly Entrezgene);Acc:352931],False,,10.532443046569824,4.891835246740222e-22,proximal_tubule (52%)
7,4,ENSDARG00000008263,mfsd4ab,major facilitator superfamily domain containing 4Ab [Source:NCBI gene (formerly Entrezgene);Acc:558146],False,,10.212465286254883,1.0449575778233768e-20,proximal_tubule (52%)
7,5,ENSDARG00000008697,epas1a,endothelial PAS domain protein 1 [Source:HGNC Symbol;Acc:HGNC:3374],False,,10.130936622619629,1.9308845055599282e-20,proximal_tubule (52%)
7,6,ENSDARG00000044902,atp2b4,ATPase plasma membrane Ca2+ transporting 4 [Source:NCBI gene (formerly Entrezgene);Acc:768304],False,,10.078161239624023,2.75676842913272e-20,proximal_tubule (52%)
7,7,ENSDARG00000019420,etnk1,ethanolamine kinase 1 [Source:HGNC Symbol;Acc:HGNC:24649],False,,9.899642944335938,1.4305432338498518e-19,proximal_tubule (52%)
7,8,ENSDARG00000027249,btg1,"B-cell translocation 1, anti-proliferative [Source:NCBI gene (formerly Entrezgene);Acc:114432]",False,,9.845460891723633,2.148595597832512e-19,proximal_tubule (52%)
7,9,ENSDARG00000009040,si:ch73-141c7.1,si:ch73-141c7.1 [Source:NCBI gene (formerly Entrezgene);Acc:393762],False,,9.772111892700195,3.9504606361530773e-19,proximal_tubule (52%)
7,10,ENSDARG00000005191,ahcy,adenosylhomocysteinase [Source:NCBI gene (formerly Entrezgene);Acc:387530],False,,9.759204864501953,3.9943301999187754e-19,proximal_tubule (52%)
7,11,ENSDARG00000029832,slc26a1,solute carrier family 26 member 1 [Source:NCBI gene (formerly Entrezgene);Acc:791185],False,,9.750643730163574,3.9943301999187754e-19,proximal_tubule (52%)
7,12,ENSDARG00000070844,gamt,guanidinoacetate N-methyltransferase [Source:NCBI gene (formerly Entrezgene);Acc:796865],False,,9.486124992370605,4.789661393934197e-18,proximal_tubule (52%)
7,13,ENSDARG00000017127,pdzk1ip1,PDZK1 interacting protein 1 [Source:NCBI gene (formerly Entrezgene);Acc:368722],False,,9.139311790466309,1.1588792730579e-16,proximal_tubule (52%)
7,14,ENSDARG00000005704,eps8l3b,EPS8 signaling adaptor L3b [Source:NCBI gene (formerly Entrezgene);Acc:393332],False,,9.014080047607422,3.39909966471007e-16,proximal_tubule (52%)
7,15,ENSDARG00000036232,trpm7,"transient receptor potential cation channel, subfamily M, member 7 [Source:NCBI gene (formerly Entrezgene);Acc:280653]",False,,8.935619354248047,6.470361042445316e-16,proximal_tubule (52%)
7,16,ENSDARG00000043457,gapdh,glyceraldehyde-3-phosphate dehydrogenase [Source:NCBI gene (formerly Entrezgene);Acc:317743],False,,8.918496131896973,7.081091187746514e-16,proximal_tubule (52%)
7,17,ENSDARG00000031020,pip4k2ca,"phosphatidylinositol-5-phosphate 4-kinase, type II, gamma a [Source:NCBI gene (formerly Entrezgene);Acc:373124]",False,,8.881820678710938,9.274212427593496e-16,proximal_tubule (52%)
7,18,ENSDARG00000057429,arg1,arginase 1 [Source:NCBI gene (formerly Entrezgene);Acc:570368],False,,8.822272300720215,1.493596607664521e-15,proximal_tubule (52%)
7,19,ENSDARG00000058365,hspb8,heat shock protein b8 [Source:NCBI gene (formerly Entrezgene);Acc:791580],False,,8.635831832885742,7.355179543889695e-15,proximal_tubule (52%)
7,20,ENSDARG00000053684,aldob,"aldolase b, fructose-bisphosphate [Source:NCBI gene (formerly Entrezgene);Acc:321664]",False,,8.573344230651855,1.2047664169000683e-14,proximal_tubule (52%)
7,21,ENSDARG00000005154,aspa,aspartoacylase [Source:NCBI gene (formerly Entrezgene);Acc:557232],False,,8.522868156433105,1.776635217596396e-14,proximal_tubule (52%)
7,22,ENSDARG00000025522,sgk1,serum/glucocorticoid regulated kinase 1 [Source:NCBI gene (formerly Entrezgene);Acc:324140],False,,8.41476058959961,4.289528185711143e-14,proximal_tubule (52%)
7,23,ENSDARG00000022261,pdzk1,PDZ domain containing 1 [Source:NCBI gene (formerly Entrezgene);Acc:337325],False,,8.363901138305664,6.323674023852325e-14,proximal_tubule (52%)
7,24,ENSDARG00000071052,si:dkey-150i13.2,,False,,8.345755577087402,6.932782243717372e-14,proximal_tubule (52%)
7,25,ENSDARG00000042620,gstr,glutathione S-transferase rho [Source:NCBI gene (formerly Entrezgene);Acc:564619],False,,8.343199729919434,6.932782243717372e-14,proximal_tubule (52%)
7,26,ENSDARG00000079340,slc47a4,solute carrier family 47 member 4 [Source:NCBI gene (formerly Entrezgene);Acc:555258],False,,8.336298942565918,7.066702812531082e-14,proximal_tubule (52%)
7,27,ENSDARG00000003697,slc5a8l,"solute carrier family 5 member 8, like [Source:NCBI gene (formerly Entrezgene);Acc:556156]",False,,8.30524730682373,8.84332606337155e-14,proximal_tubule (52%)
7,28,ENSDARG00000018921,lratd1,LRAT domain containing 1 [Source:NCBI gene (formerly Entrezgene);Acc:393590],False,,8.221674919128418,1.7179743713584552e-13,proximal_tubule (52%)
7,29,ENSDARG00000035676,ptp4a2b,protein tyrosine phosphatase 4A2b [Source:NCBI gene (formerly Entrezgene);Acc:334483],False,,8.20161247253418,1.960454765611635e-13,proximal_tubule (52%)
7,30,ENSDARG00000019881,bsg,basigin [Source:NCBI gene (formerly Entrezgene);Acc:337692],False,,8.18525505065918,2.1710987574019069e-13,proximal_tubule (52%)
8,1,ENSDARG00000096655,si:ch211-184m19.3,,False,,16.114952087402344,4.801679501140136e-54,
8,2,ENSDARG00000012078,meis1b,Meis homeobox 1 b [Source:NCBI gene (formerly Entrezgene);Acc:170446],True,desc:homeobox,14.969890594482422,1.3843926099440279e-46,
8,3,ENSDARG00000095268,cd34,,False,,14.668556213378906,8.189990870128697e-45,
8,4,ENSDARG00000095351,si:ch73-308b14.1,,False,,14.284908294677734,1.6285694150218363e-42,
8,5,ENSDARG00000035809,col1a1b,"collagen, type I, alpha 1b [Source:NCBI gene (formerly Entrezgene);Acc:325675]",False,,13.935811996459961,1.8399889905824752e-40,
8,6,ENSDARG00000096508,si:ch211-265g21.1,,False,,13.768013000488281,1.5859496886509316e-39,
8,7,ENSDARG00000021113,ptmaa,prothymosin alpha a [Source:NCBI gene (formerly Entrezgene);Acc:335707],False,,13.735594749450684,2.1279687276415148e-39,
8,8,ENSDARG00000018693,cdh2,"cadherin 2, type 1, N-cadherin (neuronal) [Source:NCBI gene (formerly Entrezgene);Acc:30291]",False,,13.616999626159668,9.508336799040803e-39,
8,9,ENSDARG00000039576,fstl1b,follistatin-like 1b [Source:NCBI gene (formerly Entrezgene);Acc:324309],False,,13.549337387084961,2.12929820683646e-38,
8,10,ENSDARG00000039034,marcksl1a,MARCKS-like 1a [Source:NCBI gene (formerly Entrezgene);Acc:406407],False,,12.847914695739746,2.1179891540200952e-34,
8,11,ENSDARG00000020007,col1a2,"collagen, type I, alpha 2 [Source:NCBI gene (formerly Entrezgene);Acc:336471]",False,,12.54629135131836,8.32091314843932e-33,
8,12,ENSDARG00000021864,rplp1,ribosomal protein lateral stalk subunit P1 [Source:NCBI gene (formerly Entrezgene);Acc:336719],False,,12.413217544555664,3.793539975067288e-32,
8,13,ENSDARG00000009212,ppiaa,peptidylprolyl isomerase Aa (cyclophilin A) [Source:NCBI gene (formerly Entrezgene);Acc:336612],False,,12.393951416015625,4.503291041108349e-32,
8,14,ENSDARG00000036036,mdka,midkine a [Source:NCBI gene (formerly Entrezgene);Acc:30277],False,,12.317002296447754,1.0991895243648407e-31,
8,15,ENSDARG00000058128,msna,moesin a [Source:NCBI gene (formerly Entrezgene);Acc:286739],False,,12.28718090057373,1.4966278893154227e-31,
8,16,ENSDARG00000012593,col5a1,collagen type V alpha 1 chain [Source:HGNC Symbol;Acc:HGNC:2209],False,,12.160221099853516,6.7411217698911015e-31,
8,17,ENSDARG00000023963,tpm4a,tropomyosin 4a [Source:NCBI gene (formerly Entrezgene);Acc:406437],False,,12.136224746704102,8.564430635161474e-31,
8,18,ENSDARG00000019230,rpl7a,ribosomal protein L7a [Source:NCBI gene (formerly Entrezgene);Acc:337010],False,,11.306689262390137,1.45728063615107e-26,
8,19,ENSDARG00000006691,rpl12,ribosomal protein L12 [Source:NCBI gene (formerly Entrezgene);Acc:327089],False,,11.189016342163086,5.268004150168393e-26,
8,20,ENSDARG00000002795,meis3,myeloid ecotropic viral integration site 3 [Source:NCBI gene (formerly Entrezgene);Acc:81885],False,,11.050058364868164,2.386899697549557e-25,
8,21,ENSDARG00000053493,aldh1a2,"aldehyde dehydrogenase 1 family, member A2 [Source:NCBI gene (formerly Entrezgene);Acc:116713]",False,,10.993817329406738,4.2650204850297395e-25,
8,22,ENSDARG00000058451,rpl6,ribosomal protein L6 [Source:NCBI gene (formerly Entrezgene);Acc:336727],False,,10.856647491455078,1.8233945815632823e-24,
8,23,ENSDARG00000016744,,,False,,10.854340553283691,1.8233945815632823e-24,
8,24,ENSDARG00000078459,cux1a,cut like homeobox 1 [Source:HGNC Symbol;Acc:HGNC:2557],True,desc:homeobox,10.788640022277832,3.5909983728250444e-24,
8,25,ENSDARG00000012405,col1a1a,"collagen, type I, alpha 1a [Source:NCBI gene (formerly Entrezgene);Acc:337158]",False,,10.762452125549316,4.596383753328563e-24,
8,26,ENSDARG00000014690,rps4x,ribosomal protein S4 X-linked [Source:NCBI gene (formerly Entrezgene);Acc:449547],False,,10.758875846862793,4.607626013195156e-24,
8,27,ENSDARG00000002937,meis1a,Meis homeobox 1 a [Source:NCBI gene (formerly Entrezgene);Acc:170455],True,desc:homeobox,10.724266052246094,6.472432796777949e-24,
8,28,ENSDARG00000092362,hsp70.2,"heat shock cognate 70-kd protein, tandem duplicate 2 [Source:NCBI gene (formerly Entrezgene);Acc:100535101]",False,,10.713537216186523,7.026142088298465e-24,
8,29,ENSDARG00000002131,celf2,"cugbp, Elav-like family member 2 [Source:NCBI gene (formerly Entrezgene);Acc:373117]",False,,10.693232536315918,8.46583217166635e-24,
8,30,ENSDARG00000069912,hmga2,high mobility group AT-hook 2 [Source:NCBI gene (formerly Entrezgene);Acc:324428],True,desc:high mobility group,10.666352272033691,1.0955470109708467e-23,
9,1,ENSDARG00000055723,hsp70l,"heat shock cognate 70-kd protein, like [Source:NCBI gene (formerly Entrezgene);Acc:560210]",False,,10.72809886932373,1.8007691012911158e-22,
9,2,ENSDARG00000092362,hsp70.2,"heat shock cognate 70-kd protein, tandem duplicate 2 [Source:NCBI gene (formerly Entrezgene);Acc:100535101]",False,,10.055008888244629,1.0464559384876386e-19,
9,3,ENSDARG00000053058,rps11,ribosomal protein S11 [Source:NCBI gene (formerly Entrezgene);Acc:406686],False,,9.931243896484375,2.432416009216114e-19,
9,4,ENSDARG00000051783,rplp0,"ribosomal protein, large, P0 [Source:NCBI gene (formerly Entrezgene);Acc:58101]",False,,9.787826538085938,7.610263585215372e-19,
9,5,ENSDARG00000029688,hsp70.1,"heat shock cognate 70-kd protein, tandem duplicate 1 [Source:NCBI gene (formerly Entrezgene);Acc:100126123]",False,,9.625374794006348,2.9952325256738032e-18,
9,6,ENSDARG00000019230,rpl7a,ribosomal protein L7a [Source:NCBI gene (formerly Entrezgene);Acc:337010],False,,9.125005722045898,2.8657115961383906e-16,
9,7,ENSDARG00000009285,rpl15,ribosomal protein L15 [Source:NCBI gene (formerly Entrezgene);Acc:445053],False,,9.105263710021973,2.9468429768227194e-16,
9,8,ENSDARG00000041182,rpl4,ribosomal protein L4 [Source:NCBI gene (formerly Entrezgene);Acc:337090],False,,9.020186424255371,5.622178143815365e-16,
9,9,ENSDARG00000043453,rps5,ribosomal protein S5 [Source:NCBI gene (formerly Entrezgene);Acc:192297],False,,9.007349967956543,5.622178143815365e-16,
9,10,ENSDARG00000058451,rpl6,ribosomal protein L6 [Source:NCBI gene (formerly Entrezgene);Acc:336727],False,,8.994071006774902,5.710599315083205e-16,
9,11,ENSDARG00000029533,rpl18,ribosomal protein L18 [Source:NCBI gene (formerly Entrezgene);Acc:445038],False,,8.982030868530273,5.792351654082266e-16,
9,12,ENSDARG00000014867,rpl8,ribosomal protein L8 [Source:NCBI gene (formerly Entrezgene);Acc:393686],False,,8.856584548950195,1.6480094289738912e-15,
9,13,ENSDARG00000006691,rpl12,ribosomal protein L12 [Source:NCBI gene (formerly Entrezgene);Acc:327089],False,,8.817099571228027,2.165824867949877e-15,
9,14,ENSDARG00000077291,rps2,ribosomal protein S2 [Source:NCBI gene (formerly Entrezgene);Acc:406565],False,,8.677311897277832,6.938165903968022e-15,
9,15,ENSDARG00000035692,rps3a,ribosomal protein S3A [Source:NCBI gene (formerly Entrezgene);Acc:337240],False,,8.646592140197754,8.479023879638992e-15,
9,16,ENSDARG00000007320,rpl7,ribosomal protein L7 [Source:NCBI gene (formerly Entrezgene);Acc:336710],False,,8.570722579956055,1.5406416977148526e-14,
9,17,ENSDARG00000036875,rps12,ribosomal protein S12 [Source:NCBI gene (formerly Entrezgene);Acc:337007],False,,8.519286155700684,2.2636016213347895e-14,
9,18,ENSDARG00000019181,rpsa,ribosomal protein SA [Source:NCBI gene (formerly Entrezgene);Acc:394027],False,,8.50556468963623,2.4065092504699653e-14,
9,19,ENSDARG00000041619,rack1,receptor for activated C kinase 1 [Source:NCBI gene (formerly Entrezgene);Acc:30722],False,,8.492108345031738,2.560024416242565e-14,
9,20,ENSDARG00000003599,rpl3,ribosomal protein L3 [Source:NCBI gene (formerly Entrezgene);Acc:322571],False,,8.437219619750977,3.894828165087145e-14,
9,21,ENSDARG00000037350,rpl9,ribosomal protein L9 [Source:NCBI gene (formerly Entrezgene);Acc:336702],False,,8.412785530090332,4.570126644865076e-14,
9,22,ENSDARG00000020153,,,False,,8.309383392333984,1.0481526938160898e-13,
9,23,ENSDARG00000015490,,,False,,8.271492004394531,1.349030488802181e-13,
9,24,ENSDARG00000014690,rps4x,ribosomal protein S4 X-linked [Source:NCBI gene (formerly Entrezgene);Acc:449547],False,,8.223332405090332,1.8977087412508026e-13,
9,25,ENSDARG00000044521,eef1b2,eukaryotic translation elongation factor 1 beta 2 [Source:NCBI gene (formerly Entrezgene);Acc:335370],False,,8.128339767456055,4.012288620426272e-13,
9,26,ENSDARG00000055996,rps8a,ribosomal protein S8a [Source:NCBI gene (formerly Entrezgene);Acc:407690],False,,8.041847229003906,7.856346133818369e-13,
9,27,ENSDARG00000076892,,,False,,7.964649200439453,1.4184539972344565e-12,
9,28,ENSDARG00000011405,rps9,ribosomal protein S9 [Source:NCBI gene (formerly Entrezgene);Acc:114420],False,,7.923836708068848,1.9034798816526694e-12,
9,29,ENSDARG00000025581,rpl10,ribosomal protein L10 [Source:NCBI gene (formerly Entrezgene);Acc:336712],False,,7.8993144035339355,2.240732668213356e-12,
9,30,ENSDARG00000057556,rpl17,ribosomal protein L17 [Source:NCBI gene (formerly Entrezgene);Acc:336641],False,,7.816096305847168,4.16835841478045e-12,
